date,station,quartier,temperature
2022-01-01T23:00:00Z,Zch_Stampfenbachstrasse,Rathaus,11.72
2022-01-01T23:00:00Z,Zch_Schimmelstrasse,Sihlfeld,14.05
2022-01-01T23:00:00Z,Zch_Rosengartenstrasse,Wipkingen,11.17
2022-01-02T23:00:00Z,Zch_Stampfenbachstrasse,Rathaus,12.06
2022-01-02T23:00:00Z,Zch_Schimmelstrasse,Sihlfeld,12.61
2022-01-02T23:00:00Z,Zch_Rosengartenstrasse,Wipkingen,12.24
2022-01-03T23:00:00Z,Zch_Stampfenbachstrasse,Rathaus,15.27
2022-01-03T23:00:00Z,Zch_Schimmelstrasse,Sihlfeld,15.88
2022-01-03T23:00:00Z,Zch_Rosengartenstrasse,Wipkingen,15.56
2022-01-04T23:00:00Z,Zch_Stampfenbachstrasse,Rathaus,6.29
2022-01-04T23:00:00Z,Zch_Schimmelstrasse,Sihlfeld,5.27
2022-01-04T23:00:00Z,Zch_Rosengartenstrasse,Wipkingen,5.29
2022-01-05T23:00:00Z,Zch_Stampfenbachstrasse,Rathaus,2.79
2022-01-05T23:00:00Z,Zch_Schimmelstrasse,Sihlfeld,2.67
2022-01-05T23:00:00Z,Zch_Rosengartenstrasse,Wipkingen,2.55
2022-01-06T23:00:00Z,Zch_Stampfenbachstrasse,Rathaus,3.23
2022-01-06T23:00:00Z,Zch_Schimmelstrasse,Sihlfeld,3.41
2022-01-06T23:00:00Z,Zch_Rosengartenstrasse,Wipkingen,2.9
2022-01-07T23:00:00Z,Zch_Stampfenbachstrasse,Rathaus,4.24
2022-01-07T23:00:00Z,Zch_Schimmelstrasse,Sihlfeld,4.6
2022-01-07T23:00:00Z,Zch_Rosengartenstrasse,Wipkingen,4.18
2022-01-08T23:00:00Z,Zch_Stampfenbachstrasse,Rathaus,4.95
2022-01-08T23:00:00Z,Zch_Schimmelstrasse,Sihlfeld,4.97
2022-01-08T23:00:00Z,Zch_Rosengartenstrasse,Wipkingen,4.69
2022-01-09T23:00:00Z,Zch_Stampfenbachstrasse,Rathaus,3.53
2022-01-09T23:00:00Z,Zch_Schimmelstrasse,Sihlfeld,3.24
2022-01-09T23:00:00Z,Zch_Rosengartenstrasse,Wipkingen,3.3
2022-01-10T23:00:00Z,Zch_Stampfenbachstrasse,Rathaus,3.6
2022-01-10T23:00:00Z,Zch_Schimmelstrasse,Sihlfeld,3.96
2022-01-10T23:00:00Z,Zch_Rosengartenstrasse,Wipkingen,3.6
2022-01-11T23:00:00Z,Zch_Stampfenbachstrasse,Rathaus,1.41
2022-01-11T23:00:00Z,Zch_Schimmelstrasse,Sihlfeld,1.52
2022-01-11T23:00:00Z,Zch_Rosengartenstrasse,Wipkingen,1.29
2022-01-12T23:00:00Z,Zch_Stampfenbachstrasse,Rathaus,1.66
2022-01-12T23:00:00Z,Zch_Schimmelstrasse,Sihlfeld,1.83
2022-01-12T23:00:00Z,Zch_Rosengartenstrasse,Wipkingen,1.79
2022-01-13T23:00:00Z,Zch_Stampfenbachstrasse,Rathaus,4.12
2022-01-13T23:00:00Z,Zch_Schimmelstrasse,Sihlfeld,3.99
2022-01-13T23:00:00Z,Zch_Rosengartenstrasse,Wipkingen,4.14
2022-01-14T23:00:00Z,Zch_Stampfenbachstrasse,Rathaus,2.75
2022-01-14T23:00:00Z,Zch_Schimmelstrasse,Sihlfeld,2.25
2022-01-14T23:00:00Z,Zch_Rosengartenstrasse,Wipkingen,2.84
2022-01-15T23:00:00Z,Zch_Stampfenbachstrasse,Rathaus,3.75
2022-01-15T23:00:00Z,Zch_Schimmelstrasse,Sihlfeld,3.8
2022-01-15T23:00:00Z,Zch_Rosengartenstrasse,Wipkingen,3.58
2022-01-16T23:00:00Z,Zch_Stampfenbachstrasse,Rathaus,6.11
2022-01-16T23:00:00Z,Zch_Schimmelstrasse,Sihlfeld,6.12
2022-01-16T23:00:00Z,Zch_Rosengartenstrasse,Wipkingen,6.43
2022-01-17T23:00:00Z,Zch_Stampfenbachstrasse,Rathaus,4.74
2022-01-17T23:00:00Z,Zch_Schimmelstrasse,Sihlfeld,4.97
2022-01-17T23:00:00Z,Zch_Rosengartenstrasse,Wipkingen,4.78
2022-01-18T23:00:00Z,Zch_Stampfenbachstrasse,Rathaus,4.18
2022-01-18T23:00:00Z,Zch_Schimmelstrasse,Sihlfeld,4.35
2022-01-18T23:00:00Z,Zch_Rosengartenstrasse,Wipkingen,4.33
2022-01-19T23:00:00Z,Zch_Stampfenbachstrasse,Rathaus,3.9
2022-01-19T23:00:00Z,Zch_Schimmelstrasse,Sihlfeld,4.09
2022-01-19T23:00:00Z,Zch_Rosengartenstrasse,Wipkingen,4.27
2022-01-20T23:00:00Z,Zch_Stampfenbachstrasse,Rathaus,3
2022-01-20T23:00:00Z,Zch_Schimmelstrasse,Sihlfeld,3.05
2022-01-20T23:00:00Z,Zch_Rosengartenstrasse,Wipkingen,2.84
2022-01-21T23:00:00Z,Zch_Stampfenbachstrasse,Rathaus,4.25
2022-01-21T23:00:00Z,Zch_Schimmelstrasse,Sihlfeld,4.46
2022-01-21T23:00:00Z,Zch_Rosengartenstrasse,Wipkingen,4.68
2022-01-22T23:00:00Z,Zch_Stampfenbachstrasse,Rathaus,5.14
2022-01-22T23:00:00Z,Zch_Schimmelstrasse,Sihlfeld,5.3
2022-01-22T23:00:00Z,Zch_Rosengartenstrasse,Wipkingen,5.14
2022-01-23T23:00:00Z,Zch_Stampfenbachstrasse,Rathaus,2.21
2022-01-23T23:00:00Z,Zch_Schimmelstrasse,Sihlfeld,2.54
2022-01-23T23:00:00Z,Zch_Rosengartenstrasse,Wipkingen,2.12
2022-01-24T23:00:00Z,Zch_Stampfenbachstrasse,Rathaus,4.7
2022-01-24T23:00:00Z,Zch_Schimmelstrasse,Sihlfeld,4.37
2022-01-24T23:00:00Z,Zch_Rosengartenstrasse,Wipkingen,5.02
2022-01-25T23:00:00Z,Zch_Stampfenbachstrasse,Rathaus,4.86
2022-01-25T23:00:00Z,Zch_Schimmelstrasse,Sihlfeld,4.83
2022-01-25T23:00:00Z,Zch_Rosengartenstrasse,Wipkingen,4.97
2022-01-26T23:00:00Z,Zch_Stampfenbachstrasse,Rathaus,4.63
2022-01-26T23:00:00Z,Zch_Schimmelstrasse,Sihlfeld,4.66
2022-01-26T23:00:00Z,Zch_Rosengartenstrasse,Wipkingen,4.45
2022-01-27T23:00:00Z,Zch_Stampfenbachstrasse,Rathaus,6.5
2022-01-27T23:00:00Z,Zch_Schimmelstrasse,Sihlfeld,6.14
2022-01-27T23:00:00Z,Zch_Rosengartenstrasse,Wipkingen,6.79
2022-01-28T23:00:00Z,Zch_Stampfenbachstrasse,Rathaus,8.69
2022-01-28T23:00:00Z,Zch_Schimmelstrasse,Sihlfeld,8.81
2022-01-28T23:00:00Z,Zch_Rosengartenstrasse,Wipkingen,9.04
2022-01-29T23:00:00Z,Zch_Stampfenbachstrasse,Rathaus,9.1
2022-01-29T23:00:00Z,Zch_Schimmelstrasse,Sihlfeld,9.1
2022-01-29T23:00:00Z,Zch_Rosengartenstrasse,Wipkingen,9.18
2022-01-30T23:00:00Z,Zch_Stampfenbachstrasse,Rathaus,4.98
2022-01-30T23:00:00Z,Zch_Schimmelstrasse,Sihlfeld,5.19
2022-01-30T23:00:00Z,Zch_Rosengartenstrasse,Wipkingen,4.92
2022-01-31T23:00:00Z,Zch_Stampfenbachstrasse,Rathaus,4.01
2022-01-31T23:00:00Z,Zch_Schimmelstrasse,Sihlfeld,3.99
2022-01-31T23:00:00Z,Zch_Rosengartenstrasse,Wipkingen,3.58
2022-02-01T23:00:00Z,Zch_Stampfenbachstrasse,Rathaus,7.75
2022-02-01T23:00:00Z,Zch_Schimmelstrasse,Sihlfeld,7.73
2022-02-01T23:00:00Z,Zch_Rosengartenstrasse,Wipkingen,7.17
2022-02-02T23:00:00Z,Zch_Stampfenbachstrasse,Rathaus,8.98
2022-02-02T23:00:00Z,Zch_Schimmelstrasse,Sihlfeld,9.34
2022-02-02T23:00:00Z,Zch_Rosengartenstrasse,Wipkingen,8.98
2022-02-03T23:00:00Z,Zch_Stampfenbachstrasse,Rathaus,7.8
2022-02-03T23:00:00Z,Zch_Schimmelstrasse,Sihlfeld,7.89
2022-02-03T23:00:00Z,Zch_Rosengartenstrasse,Wipkingen,7.75
2022-02-04T23:00:00Z,Zch_Stampfenbachstrasse,Rathaus,7.52
2022-02-04T23:00:00Z,Zch_Schimmelstrasse,Sihlfeld,7.9
2022-02-04T23:00:00Z,Zch_Rosengartenstrasse,Wipkingen,7.73
2022-02-05T23:00:00Z,Zch_Stampfenbachstrasse,Rathaus,7.37
2022-02-05T23:00:00Z,Zch_Schimmelstrasse,Sihlfeld,7.67
2022-02-05T23:00:00Z,Zch_Rosengartenstrasse,Wipkingen,7.38
2022-02-06T23:00:00Z,Zch_Stampfenbachstrasse,Rathaus,7.36
2022-02-06T23:00:00Z,Zch_Schimmelstrasse,Sihlfeld,7.74
2022-02-06T23:00:00Z,Zch_Rosengartenstrasse,Wipkingen,7.26
2022-02-07T23:00:00Z,Zch_Stampfenbachstrasse,Rathaus,8.85
2022-02-07T23:00:00Z,Zch_Schimmelstrasse,Sihlfeld,8.75
2022-02-07T23:00:00Z,Zch_Rosengartenstrasse,Wipkingen,9.03
2022-02-08T23:00:00Z,Zch_Stampfenbachstrasse,Rathaus,10.95
2022-02-08T23:00:00Z,Zch_Schimmelstrasse,Sihlfeld,10.21
2022-02-08T23:00:00Z,Zch_Rosengartenstrasse,Wipkingen,11.26
2022-02-09T23:00:00Z,Zch_Stampfenbachstrasse,Rathaus,12.09
2022-02-09T23:00:00Z,Zch_Schimmelstrasse,Sihlfeld,12.34
2022-02-09T23:00:00Z,Zch_Rosengartenstrasse,Wipkingen,12.23
2022-02-10T23:00:00Z,Zch_Stampfenbachstrasse,Rathaus,7.83
2022-02-10T23:00:00Z,Zch_Schimmelstrasse,Sihlfeld,7.42
2022-02-10T23:00:00Z,Zch_Rosengartenstrasse,Wipkingen,6.95
2022-02-11T23:00:00Z,Zch_Stampfenbachstrasse,Rathaus,5.4
2022-02-11T23:00:00Z,Zch_Schimmelstrasse,Sihlfeld,5.41
2022-02-11T23:00:00Z,Zch_Rosengartenstrasse,Wipkingen,6.12
2022-02-12T23:00:00Z,Zch_Stampfenbachstrasse,Rathaus,9.97
2022-02-12T23:00:00Z,Zch_Schimmelstrasse,Sihlfeld,9.7
2022-02-12T23:00:00Z,Zch_Rosengartenstrasse,Wipkingen,9.96
2022-02-13T23:00:00Z,Zch_Stampfenbachstrasse,Rathaus,9.26
2022-02-13T23:00:00Z,Zch_Schimmelstrasse,Sihlfeld,9.68
2022-02-13T23:00:00Z,Zch_Rosengartenstrasse,Wipkingen,9.59
2022-02-14T23:00:00Z,Zch_Stampfenbachstrasse,Rathaus,7.57
2022-02-14T23:00:00Z,Zch_Schimmelstrasse,Sihlfeld,7.11
2022-02-14T23:00:00Z,Zch_Rosengartenstrasse,Wipkingen,7.83
2022-02-15T23:00:00Z,Zch_Stampfenbachstrasse,Rathaus,9.46
2022-02-15T23:00:00Z,Zch_Schimmelstrasse,Sihlfeld,9.58
2022-02-15T23:00:00Z,Zch_Rosengartenstrasse,Wipkingen,8.31
2022-02-16T23:00:00Z,Zch_Stampfenbachstrasse,Rathaus,13.61
2022-02-16T23:00:00Z,Zch_Schimmelstrasse,Sihlfeld,13.55
2022-02-16T23:00:00Z,Zch_Rosengartenstrasse,Wipkingen,13.93
2022-02-17T23:00:00Z,Zch_Stampfenbachstrasse,Rathaus,15.41
2022-02-17T23:00:00Z,Zch_Schimmelstrasse,Sihlfeld,16.16
2022-02-17T23:00:00Z,Zch_Rosengartenstrasse,Wipkingen,15.4
2022-02-18T23:00:00Z,Zch_Stampfenbachstrasse,Rathaus,8.14
2022-02-18T23:00:00Z,Zch_Schimmelstrasse,Sihlfeld,8.45
2022-02-18T23:00:00Z,Zch_Rosengartenstrasse,Wipkingen,8.37
2022-02-19T23:00:00Z,Zch_Stampfenbachstrasse,Rathaus,11.15
2022-02-19T23:00:00Z,Zch_Schimmelstrasse,Sihlfeld,11.13
2022-02-19T23:00:00Z,Zch_Rosengartenstrasse,Wipkingen,11.54
2022-02-20T23:00:00Z,Zch_Stampfenbachstrasse,Rathaus,9.96
2022-02-20T23:00:00Z,Zch_Schimmelstrasse,Sihlfeld,10.29
2022-02-20T23:00:00Z,Zch_Rosengartenstrasse,Wipkingen,9.95
2022-02-21T23:00:00Z,Zch_Stampfenbachstrasse,Rathaus,9
2022-02-21T23:00:00Z,Zch_Schimmelstrasse,Sihlfeld,9.31
2022-02-21T23:00:00Z,Zch_Rosengartenstrasse,Wipkingen,9.24
2022-02-22T23:00:00Z,Zch_Stampfenbachstrasse,Rathaus,11.36
2022-02-22T23:00:00Z,Zch_Schimmelstrasse,Sihlfeld,11.59
2022-02-22T23:00:00Z,Zch_Rosengartenstrasse,Wipkingen,11.59
2022-02-23T23:00:00Z,Zch_Stampfenbachstrasse,Rathaus,11.26
2022-02-23T23:00:00Z,Zch_Schimmelstrasse,Sihlfeld,11.5
2022-02-23T23:00:00Z,Zch_Rosengartenstrasse,Wipkingen,11.26
2022-02-24T23:00:00Z,Zch_Stampfenbachstrasse,Rathaus,7.41
2022-02-24T23:00:00Z,Zch_Schimmelstrasse,Sihlfeld,7.2
2022-02-24T23:00:00Z,Zch_Rosengartenstrasse,Wipkingen,7.47
2022-02-25T23:00:00Z,Zch_Stampfenbachstrasse,Rathaus,6.66
2022-02-25T23:00:00Z,Zch_Schimmelstrasse,Sihlfeld,6.35
2022-02-25T23:00:00Z,Zch_Rosengartenstrasse,Wipkingen,6.63
2022-02-26T23:00:00Z,Zch_Stampfenbachstrasse,Rathaus,7.35
2022-02-26T23:00:00Z,Zch_Schimmelstrasse,Sihlfeld,7.27
2022-02-26T23:00:00Z,Zch_Rosengartenstrasse,Wipkingen,7.3
2022-02-27T23:00:00Z,Zch_Stampfenbachstrasse,Rathaus,8.14
2022-02-27T23:00:00Z,Zch_Schimmelstrasse,Sihlfeld,7.99
2022-02-27T23:00:00Z,Zch_Rosengartenstrasse,Wipkingen,8
2022-02-28T23:00:00Z,Zch_Stampfenbachstrasse,Rathaus,8.47
2022-02-28T23:00:00Z,Zch_Schimmelstrasse,Sihlfeld,8.75
2022-02-28T23:00:00Z,Zch_Rosengartenstrasse,Wipkingen,8.73
2022-03-01T23:00:00Z,Zch_Stampfenbachstrasse,Rathaus,10.27
2022-03-01T23:00:00Z,Zch_Schimmelstrasse,Sihlfeld,10.48
2022-03-01T23:00:00Z,Zch_Rosengartenstrasse,Wipkingen,10.8
2022-03-02T23:00:00Z,Zch_Stampfenbachstrasse,Rathaus,12.45
2022-03-02T23:00:00Z,Zch_Schimmelstrasse,Sihlfeld,12.62
2022-03-02T23:00:00Z,Zch_Rosengartenstrasse,Wipkingen,12.71
2022-03-03T23:00:00Z,Zch_Stampfenbachstrasse,Rathaus,8.87
2022-03-03T23:00:00Z,Zch_Schimmelstrasse,Sihlfeld,8.59
2022-03-03T23:00:00Z,Zch_Rosengartenstrasse,Wipkingen,8.68
2022-03-04T23:00:00Z,Zch_Stampfenbachstrasse,Rathaus,6.7
2022-03-04T23:00:00Z,Zch_Schimmelstrasse,Sihlfeld,6.7
2022-03-04T23:00:00Z,Zch_Rosengartenstrasse,Wipkingen,6.78
2022-03-05T23:00:00Z,Zch_Stampfenbachstrasse,Rathaus,5.3
2022-03-05T23:00:00Z,Zch_Schimmelstrasse,Sihlfeld,5.15
2022-03-05T23:00:00Z,Zch_Rosengartenstrasse,Wipkingen,5.23
2022-03-06T23:00:00Z,Zch_Stampfenbachstrasse,Rathaus,5.26
2022-03-06T23:00:00Z,Zch_Schimmelstrasse,Sihlfeld,5.36
2022-03-06T23:00:00Z,Zch_Rosengartenstrasse,Wipkingen,5.39
2022-03-07T23:00:00Z,Zch_Stampfenbachstrasse,Rathaus,6.94
2022-03-07T23:00:00Z,Zch_Schimmelstrasse,Sihlfeld,7.02
2022-03-07T23:00:00Z,Zch_Rosengartenstrasse,Wipkingen,6.92
2022-03-08T23:00:00Z,Zch_Stampfenbachstrasse,Rathaus,12.12
2022-03-08T23:00:00Z,Zch_Schimmelstrasse,Sihlfeld,12.3
2022-03-08T23:00:00Z,Zch_Rosengartenstrasse,Wipkingen,12.43
2022-03-09T23:00:00Z,Zch_Stampfenbachstrasse,Rathaus,13.29
2022-03-09T23:00:00Z,Zch_Schimmelstrasse,Sihlfeld,13.53
2022-03-09T23:00:00Z,Zch_Rosengartenstrasse,Wipkingen,13.63
2022-03-10T23:00:00Z,Zch_Stampfenbachstrasse,Rathaus,12.97
2022-03-10T23:00:00Z,Zch_Schimmelstrasse,Sihlfeld,13.44
2022-03-10T23:00:00Z,Zch_Rosengartenstrasse,Wipkingen,13.05
2022-03-11T23:00:00Z,Zch_Stampfenbachstrasse,Rathaus,13.39
2022-03-11T23:00:00Z,Zch_Schimmelstrasse,Sihlfeld,13.77
2022-03-11T23:00:00Z,Zch_Rosengartenstrasse,Wipkingen,13.61
2022-03-12T23:00:00Z,Zch_Stampfenbachstrasse,Rathaus,16.23
2022-03-12T23:00:00Z,Zch_Schimmelstrasse,Sihlfeld,16.62
2022-03-12T23:00:00Z,Zch_Rosengartenstrasse,Wipkingen,16.52
2022-03-13T23:00:00Z,Zch_Stampfenbachstrasse,Rathaus,14.48
2022-03-13T23:00:00Z,Zch_Schimmelstrasse,Sihlfeld,14.39
2022-03-13T23:00:00Z,Zch_Rosengartenstrasse,Wipkingen,14.69
2022-03-14T23:00:00Z,Zch_Stampfenbachstrasse,Rathaus,9.86
2022-03-14T23:00:00Z,Zch_Schimmelstrasse,Sihlfeld,9.78
2022-03-14T23:00:00Z,Zch_Rosengartenstrasse,Wipkingen,9.73
2022-03-15T23:00:00Z,Zch_Stampfenbachstrasse,Rathaus,14.98
2022-03-15T23:00:00Z,Zch_Schimmelstrasse,Sihlfeld,15.38
2022-03-15T23:00:00Z,Zch_Rosengartenstrasse,Wipkingen,15.07
2022-03-16T23:00:00Z,Zch_Stampfenbachstrasse,Rathaus,14.89
2022-03-16T23:00:00Z,Zch_Schimmelstrasse,Sihlfeld,15.29
2022-03-16T23:00:00Z,Zch_Rosengartenstrasse,Wipkingen,15.08
2022-03-17T23:00:00Z,Zch_Stampfenbachstrasse,Rathaus,11.25
2022-03-17T23:00:00Z,Zch_Schimmelstrasse,Sihlfeld,11.64
2022-03-17T23:00:00Z,Zch_Rosengartenstrasse,Wipkingen,11.37
2022-03-18T23:00:00Z,Zch_Stampfenbachstrasse,Rathaus,12.46
2022-03-18T23:00:00Z,Zch_Schimmelstrasse,Sihlfeld,12.46
2022-03-18T23:00:00Z,Zch_Rosengartenstrasse,Wipkingen,12.42
2022-03-19T23:00:00Z,Zch_Stampfenbachstrasse,Rathaus,16.05
2022-03-19T23:00:00Z,Zch_Schimmelstrasse,Sihlfeld,16.24
2022-03-19T23:00:00Z,Zch_Rosengartenstrasse,Wipkingen,16.47
2022-03-20T23:00:00Z,Zch_Stampfenbachstrasse,Rathaus,15.77
2022-03-20T23:00:00Z,Zch_Schimmelstrasse,Sihlfeld,16.12
2022-03-20T23:00:00Z,Zch_Rosengartenstrasse,Wipkingen,15.89
2022-03-21T23:00:00Z,Zch_Stampfenbachstrasse,Rathaus,16.5
2022-03-21T23:00:00Z,Zch_Schimmelstrasse,Sihlfeld,16.53
2022-03-21T23:00:00Z,Zch_Rosengartenstrasse,Wipkingen,16.68
2022-03-22T23:00:00Z,Zch_Stampfenbachstrasse,Rathaus,17.87
2022-03-22T23:00:00Z,Zch_Schimmelstrasse,Sihlfeld,17.92
2022-03-22T23:00:00Z,Zch_Rosengartenstrasse,Wipkingen,18.51
2022-03-23T23:00:00Z,Zch_Stampfenbachstrasse,Rathaus,18.29
2022-03-23T23:00:00Z,Zch_Schimmelstrasse,Sihlfeld,18.49
2022-03-23T23:00:00Z,Zch_Rosengartenstrasse,Wipkingen,18.86
2022-03-24T23:00:00Z,Zch_Stampfenbachstrasse,Rathaus,18.73
2022-03-24T23:00:00Z,Zch_Schimmelstrasse,Sihlfeld,18.71
2022-03-24T23:00:00Z,Zch_Rosengartenstrasse,Wipkingen,18.74
2022-03-25T23:00:00Z,Zch_Stampfenbachstrasse,Rathaus,19.02
2022-03-25T23:00:00Z,Zch_Schimmelstrasse,Sihlfeld,19.1
2022-03-25T23:00:00Z,Zch_Rosengartenstrasse,Wipkingen,19.16
2022-03-26T23:00:00Z,Zch_Stampfenbachstrasse,Rathaus,19.4
2022-03-26T23:00:00Z,Zch_Schimmelstrasse,Sihlfeld,19.58
2022-03-26T23:00:00Z,Zch_Rosengartenstrasse,Wipkingen,19.64
2022-03-27T23:00:00Z,Zch_Stampfenbachstrasse,Rathaus,20.2
2022-03-27T23:00:00Z,Zch_Schimmelstrasse,Sihlfeld,20.23
2022-03-27T23:00:00Z,Zch_Rosengartenstrasse,Wipkingen,20.37
2022-03-28T23:00:00Z,Zch_Stampfenbachstrasse,Rathaus,18.23
2022-03-28T23:00:00Z,Zch_Schimmelstrasse,Sihlfeld,18.68
2022-03-28T23:00:00Z,Zch_Rosengartenstrasse,Wipkingen,18.39
2022-03-29T23:00:00Z,Zch_Stampfenbachstrasse,Rathaus,13.96
2022-03-29T23:00:00Z,Zch_Schimmelstrasse,Sihlfeld,14.09
2022-03-29T23:00:00Z,Zch_Rosengartenstrasse,Wipkingen,13.55
2022-03-30T23:00:00Z,Zch_Stampfenbachstrasse,Rathaus,11.01
2022-03-30T23:00:00Z,Zch_Schimmelstrasse,Sihlfeld,11.49
2022-03-30T23:00:00Z,Zch_Rosengartenstrasse,Wipkingen,10.84
2022-03-31T23:00:00Z,Zch_Stampfenbachstrasse,Rathaus,6.49
2022-03-31T23:00:00Z,Zch_Schimmelstrasse,Sihlfeld,5.97
2022-03-31T23:00:00Z,Zch_Rosengartenstrasse,Wipkingen,5.86
2022-04-01T23:00:00Z,Zch_Stampfenbachstrasse,Rathaus,2.3
2022-04-01T23:00:00Z,Zch_Schimmelstrasse,Sihlfeld,1.89
2022-04-01T23:00:00Z,Zch_Rosengartenstrasse,Wipkingen,1.45
2022-04-02T23:00:00Z,Zch_Stampfenbachstrasse,Rathaus,3.15
2022-04-02T23:00:00Z,Zch_Schimmelstrasse,Sihlfeld,4.13
2022-04-02T23:00:00Z,Zch_Rosengartenstrasse,Wipkingen,3.04
2022-04-03T23:00:00Z,Zch_Stampfenbachstrasse,Rathaus,8.2
2022-04-03T23:00:00Z,Zch_Schimmelstrasse,Sihlfeld,8.1
2022-04-03T23:00:00Z,Zch_Rosengartenstrasse,Wipkingen,8.54
2022-04-04T23:00:00Z,Zch_Stampfenbachstrasse,Rathaus,10.98
2022-04-04T23:00:00Z,Zch_Schimmelstrasse,Sihlfeld,10.87
2022-04-04T23:00:00Z,Zch_Rosengartenstrasse,Wipkingen,10.94
2022-04-05T23:00:00Z,Zch_Stampfenbachstrasse,Rathaus,16.71
2022-04-05T23:00:00Z,Zch_Schimmelstrasse,Sihlfeld,17.07
2022-04-05T23:00:00Z,Zch_Rosengartenstrasse,Wipkingen,17.36
2022-04-06T23:00:00Z,Zch_Stampfenbachstrasse,Rathaus,13.18
2022-04-06T23:00:00Z,Zch_Schimmelstrasse,Sihlfeld,13.74
2022-04-06T23:00:00Z,Zch_Rosengartenstrasse,Wipkingen,13.23
2022-04-07T23:00:00Z,Zch_Stampfenbachstrasse,Rathaus,15.07
2022-04-07T23:00:00Z,Zch_Schimmelstrasse,Sihlfeld,15.51
2022-04-07T23:00:00Z,Zch_Rosengartenstrasse,Wipkingen,15.1
2022-04-08T23:00:00Z,Zch_Stampfenbachstrasse,Rathaus,11.85
2022-04-08T23:00:00Z,Zch_Schimmelstrasse,Sihlfeld,11.92
2022-04-08T23:00:00Z,Zch_Rosengartenstrasse,Wipkingen,11.76
2022-04-09T23:00:00Z,Zch_Stampfenbachstrasse,Rathaus,10.83
2022-04-09T23:00:00Z,Zch_Schimmelstrasse,Sihlfeld,10.91
2022-04-09T23:00:00Z,Zch_Rosengartenstrasse,Wipkingen,10.93
2022-04-10T23:00:00Z,Zch_Stampfenbachstrasse,Rathaus,16.64
2022-04-10T23:00:00Z,Zch_Schimmelstrasse,Sihlfeld,17.11
2022-04-10T23:00:00Z,Zch_Rosengartenstrasse,Wipkingen,17.2
2022-04-11T23:00:00Z,Zch_Stampfenbachstrasse,Rathaus,20.88
2022-04-11T23:00:00Z,Zch_Schimmelstrasse,Sihlfeld,21.01
2022-04-11T23:00:00Z,Zch_Rosengartenstrasse,Wipkingen,22.02
2022-04-12T23:00:00Z,Zch_Stampfenbachstrasse,Rathaus,23.07
2022-04-12T23:00:00Z,Zch_Schimmelstrasse,Sihlfeld,23.53
2022-04-12T23:00:00Z,Zch_Rosengartenstrasse,Wipkingen,23.24
2022-04-13T23:00:00Z,Zch_Stampfenbachstrasse,Rathaus,22.82
2022-04-13T23:00:00Z,Zch_Schimmelstrasse,Sihlfeld,22.76
2022-04-13T23:00:00Z,Zch_Rosengartenstrasse,Wipkingen,23.08
2022-04-14T23:00:00Z,Zch_Stampfenbachstrasse,Rathaus,20.3
2022-04-14T23:00:00Z,Zch_Schimmelstrasse,Sihlfeld,20.6
2022-04-14T23:00:00Z,Zch_Rosengartenstrasse,Wipkingen,20.76
2022-04-15T23:00:00Z,Zch_Stampfenbachstrasse,Rathaus,14.36
2022-04-15T23:00:00Z,Zch_Schimmelstrasse,Sihlfeld,14.61
2022-04-15T23:00:00Z,Zch_Rosengartenstrasse,Wipkingen,14.73
2022-04-16T23:00:00Z,Zch_Stampfenbachstrasse,Rathaus,15.52
2022-04-16T23:00:00Z,Zch_Schimmelstrasse,Sihlfeld,15.47
2022-04-16T23:00:00Z,Zch_Rosengartenstrasse,Wipkingen,15.59
2022-04-17T23:00:00Z,Zch_Stampfenbachstrasse,Rathaus,17.22
2022-04-17T23:00:00Z,Zch_Schimmelstrasse,Sihlfeld,17.31
2022-04-17T23:00:00Z,Zch_Rosengartenstrasse,Wipkingen,17.73
2022-04-18T23:00:00Z,Zch_Stampfenbachstrasse,Rathaus,18.77
2022-04-18T23:00:00Z,Zch_Schimmelstrasse,Sihlfeld,18.87
2022-04-18T23:00:00Z,Zch_Rosengartenstrasse,Wipkingen,19.03
2022-04-19T23:00:00Z,Zch_Stampfenbachstrasse,Rathaus,16.38
2022-04-19T23:00:00Z,Zch_Schimmelstrasse,Sihlfeld,16.36
2022-04-19T23:00:00Z,Zch_Rosengartenstrasse,Wipkingen,16.44
2022-04-20T23:00:00Z,Zch_Stampfenbachstrasse,Rathaus,17.7
2022-04-20T23:00:00Z,Zch_Schimmelstrasse,Sihlfeld,17.62
2022-04-20T23:00:00Z,Zch_Rosengartenstrasse,Wipkingen,17.76
2022-04-21T23:00:00Z,Zch_Stampfenbachstrasse,Rathaus,17.62
2022-04-21T23:00:00Z,Zch_Schimmelstrasse,Sihlfeld,17.71
2022-04-21T23:00:00Z,Zch_Rosengartenstrasse,Wipkingen,17.71
2022-04-22T23:00:00Z,Zch_Stampfenbachstrasse,Rathaus,14.1
2022-04-22T23:00:00Z,Zch_Schimmelstrasse,Sihlfeld,14.17
2022-04-22T23:00:00Z,Zch_Rosengartenstrasse,Wipkingen,13.79
2022-04-23T23:00:00Z,Zch_Stampfenbachstrasse,Rathaus,12.1
2022-04-23T23:00:00Z,Zch_Schimmelstrasse,Sihlfeld,12.21
2022-04-23T23:00:00Z,Zch_Rosengartenstrasse,Wipkingen,11.58
2022-04-24T23:00:00Z,Zch_Stampfenbachstrasse,Rathaus,13.93
2022-04-24T23:00:00Z,Zch_Schimmelstrasse,Sihlfeld,14.15
2022-04-24T23:00:00Z,Zch_Rosengartenstrasse,Wipkingen,14.39
2022-04-25T23:00:00Z,Zch_Stampfenbachstrasse,Rathaus,13.16
2022-04-25T23:00:00Z,Zch_Schimmelstrasse,Sihlfeld,13.76
2022-04-25T23:00:00Z,Zch_Rosengartenstrasse,Wipkingen,13.07
2022-04-26T23:00:00Z,Zch_Stampfenbachstrasse,Rathaus,16.17
2022-04-26T23:00:00Z,Zch_Schimmelstrasse,Sihlfeld,16.25
2022-04-26T23:00:00Z,Zch_Rosengartenstrasse,Wipkingen,16.31
2022-04-27T23:00:00Z,Zch_Stampfenbachstrasse,Rathaus,18.74
2022-04-27T23:00:00Z,Zch_Schimmelstrasse,Sihlfeld,18.88
2022-04-27T23:00:00Z,Zch_Rosengartenstrasse,Wipkingen,19.09
2022-04-28T23:00:00Z,Zch_Stampfenbachstrasse,Rathaus,19.47
2022-04-28T23:00:00Z,Zch_Schimmelstrasse,Sihlfeld,19.84
2022-04-28T23:00:00Z,Zch_Rosengartenstrasse,Wipkingen,19.5
2022-04-29T23:00:00Z,Zch_Stampfenbachstrasse,Rathaus,15.63
2022-04-29T23:00:00Z,Zch_Schimmelstrasse,Sihlfeld,15.95
2022-04-29T23:00:00Z,Zch_Rosengartenstrasse,Wipkingen,15.66
2022-04-30T23:00:00Z,Zch_Stampfenbachstrasse,Rathaus,16.6
2022-04-30T23:00:00Z,Zch_Schimmelstrasse,Sihlfeld,16.8
2022-04-30T23:00:00Z,Zch_Rosengartenstrasse,Wipkingen,16.95
2022-05-01T23:00:00Z,Zch_Stampfenbachstrasse,Rathaus,19.49
2022-05-01T23:00:00Z,Zch_Schimmelstrasse,Sihlfeld,19.47
2022-05-01T23:00:00Z,Zch_Rosengartenstrasse,Wipkingen,19.23
2022-05-02T23:00:00Z,Zch_Stampfenbachstrasse,Rathaus,19.78
2022-05-02T23:00:00Z,Zch_Schimmelstrasse,Sihlfeld,20.45
2022-05-02T23:00:00Z,Zch_Rosengartenstrasse,Wipkingen,19.49
2022-05-03T23:00:00Z,Zch_Stampfenbachstrasse,Rathaus,19.38
2022-05-03T23:00:00Z,Zch_Schimmelstrasse,Sihlfeld,19.58
2022-05-03T23:00:00Z,Zch_Rosengartenstrasse,Wipkingen,19.27
2022-05-04T23:00:00Z,Zch_Stampfenbachstrasse,Rathaus,15.32
2022-05-04T23:00:00Z,Zch_Schimmelstrasse,Sihlfeld,15.31
2022-05-04T23:00:00Z,Zch_Rosengartenstrasse,Wipkingen,15.19
2022-05-05T23:00:00Z,Zch_Stampfenbachstrasse,Rathaus,14.93
2022-05-05T23:00:00Z,Zch_Schimmelstrasse,Sihlfeld,15.14
2022-05-05T23:00:00Z,Zch_Rosengartenstrasse,Wipkingen,14.81
2022-05-06T23:00:00Z,Zch_Stampfenbachstrasse,Rathaus,17.69
2022-05-06T23:00:00Z,Zch_Schimmelstrasse,Sihlfeld,18.73
2022-05-06T23:00:00Z,Zch_Rosengartenstrasse,Wipkingen,17.95
2022-05-07T23:00:00Z,Zch_Stampfenbachstrasse,Rathaus,18.18
2022-05-07T23:00:00Z,Zch_Schimmelstrasse,Sihlfeld,18.69
2022-05-07T23:00:00Z,Zch_Rosengartenstrasse,Wipkingen,18.13
2022-05-08T23:00:00Z,Zch_Stampfenbachstrasse,Rathaus,21.15
2022-05-08T23:00:00Z,Zch_Schimmelstrasse,Sihlfeld,21.7
2022-05-08T23:00:00Z,Zch_Rosengartenstrasse,Wipkingen,21.6
2022-05-09T23:00:00Z,Zch_Stampfenbachstrasse,Rathaus,24.56
2022-05-09T23:00:00Z,Zch_Schimmelstrasse,Sihlfeld,25.03
2022-05-09T23:00:00Z,Zch_Rosengartenstrasse,Wipkingen,24.47
2022-05-10T23:00:00Z,Zch_Stampfenbachstrasse,Rathaus,27.57
2022-05-10T23:00:00Z,Zch_Schimmelstrasse,Sihlfeld,27.78
2022-05-10T23:00:00Z,Zch_Rosengartenstrasse,Wipkingen,27.85
2022-05-11T23:00:00Z,Zch_Stampfenbachstrasse,Rathaus,27.58
2022-05-11T23:00:00Z,Zch_Schimmelstrasse,Sihlfeld,28.09
2022-05-11T23:00:00Z,Zch_Rosengartenstrasse,Wipkingen,27.7
2022-05-12T23:00:00Z,Zch_Stampfenbachstrasse,Rathaus,20.05
2022-05-12T23:00:00Z,Zch_Schimmelstrasse,Sihlfeld,20.5
2022-05-12T23:00:00Z,Zch_Rosengartenstrasse,Wipkingen,19.9
2022-05-13T23:00:00Z,Zch_Stampfenbachstrasse,Rathaus,24.54
2022-05-13T23:00:00Z,Zch_Schimmelstrasse,Sihlfeld,24.79
2022-05-13T23:00:00Z,Zch_Rosengartenstrasse,Wipkingen,24.18
2022-05-14T23:00:00Z,Zch_Stampfenbachstrasse,Rathaus,26.92
2022-05-14T23:00:00Z,Zch_Schimmelstrasse,Sihlfeld,27.4
2022-05-14T23:00:00Z,Zch_Rosengartenstrasse,Wipkingen,27.31
2022-05-15T23:00:00Z,Zch_Stampfenbachstrasse,Rathaus,24.81
2022-05-15T23:00:00Z,Zch_Schimmelstrasse,Sihlfeld,25.31
2022-05-15T23:00:00Z,Zch_Rosengartenstrasse,Wipkingen,24.68
2022-05-16T23:00:00Z,Zch_Stampfenbachstrasse,Rathaus,25.36
2022-05-16T23:00:00Z,Zch_Schimmelstrasse,Sihlfeld,25.87
2022-05-16T23:00:00Z,Zch_Rosengartenstrasse,Wipkingen,25.51
2022-05-17T23:00:00Z,Zch_Stampfenbachstrasse,Rathaus,27.85
2022-05-17T23:00:00Z,Zch_Schimmelstrasse,Sihlfeld,28.24
2022-05-17T23:00:00Z,Zch_Rosengartenstrasse,Wipkingen,27.92
2022-05-18T23:00:00Z,Zch_Stampfenbachstrasse,Rathaus,29.03
2022-05-18T23:00:00Z,Zch_Schimmelstrasse,Sihlfeld,29.22
2022-05-18T23:00:00Z,Zch_Rosengartenstrasse,Wipkingen,29
2022-05-19T23:00:00Z,Zch_Stampfenbachstrasse,Rathaus,31.37
2022-05-19T23:00:00Z,Zch_Schimmelstrasse,Sihlfeld,31.73
2022-05-19T23:00:00Z,Zch_Rosengartenstrasse,Wipkingen,31.87
2022-05-20T23:00:00Z,Zch_Stampfenbachstrasse,Rathaus,24.48
2022-05-20T23:00:00Z,Zch_Schimmelstrasse,Sihlfeld,24.37
2022-05-20T23:00:00Z,Zch_Rosengartenstrasse,Wipkingen,24.47
2022-05-21T23:00:00Z,Zch_Stampfenbachstrasse,Rathaus,24.81
2022-05-21T23:00:00Z,Zch_Schimmelstrasse,Sihlfeld,25.37
2022-05-21T23:00:00Z,Zch_Rosengartenstrasse,Wipkingen,24.81
2022-05-22T23:00:00Z,Zch_Stampfenbachstrasse,Rathaus,25.72
2022-05-22T23:00:00Z,Zch_Schimmelstrasse,Sihlfeld,25.89
2022-05-22T23:00:00Z,Zch_Rosengartenstrasse,Wipkingen,25.21
2022-05-23T23:00:00Z,Zch_Stampfenbachstrasse,Rathaus,17.45
2022-05-23T23:00:00Z,Zch_Schimmelstrasse,Sihlfeld,17.25
2022-05-23T23:00:00Z,Zch_Rosengartenstrasse,Wipkingen,16.65
2022-05-24T23:00:00Z,Zch_Stampfenbachstrasse,Rathaus,21.49
2022-05-24T23:00:00Z,Zch_Schimmelstrasse,Sihlfeld,21.67
2022-05-24T23:00:00Z,Zch_Rosengartenstrasse,Wipkingen,22.09
2022-05-25T23:00:00Z,Zch_Stampfenbachstrasse,Rathaus,22.27
2022-05-25T23:00:00Z,Zch_Schimmelstrasse,Sihlfeld,22.39
2022-05-25T23:00:00Z,Zch_Rosengartenstrasse,Wipkingen,22.56
2022-05-26T23:00:00Z,Zch_Stampfenbachstrasse,Rathaus,22.42
2022-05-26T23:00:00Z,Zch_Schimmelstrasse,Sihlfeld,22.66
2022-05-26T23:00:00Z,Zch_Rosengartenstrasse,Wipkingen,22.29
2022-05-27T23:00:00Z,Zch_Stampfenbachstrasse,Rathaus,18.92
2022-05-27T23:00:00Z,Zch_Schimmelstrasse,Sihlfeld,19.02
2022-05-27T23:00:00Z,Zch_Rosengartenstrasse,Wipkingen,19.23
2022-05-28T23:00:00Z,Zch_Stampfenbachstrasse,Rathaus,16.45
2022-05-28T23:00:00Z,Zch_Schimmelstrasse,Sihlfeld,16.71
2022-05-28T23:00:00Z,Zch_Rosengartenstrasse,Wipkingen,16.59
2022-05-29T23:00:00Z,Zch_Stampfenbachstrasse,Rathaus,19.4
2022-05-29T23:00:00Z,Zch_Schimmelstrasse,Sihlfeld,20.2
2022-05-29T23:00:00Z,Zch_Rosengartenstrasse,Wipkingen,19.99
2022-05-30T23:00:00Z,Zch_Stampfenbachstrasse,Rathaus,20.45
2022-05-30T23:00:00Z,Zch_Schimmelstrasse,Sihlfeld,20.99
2022-05-30T23:00:00Z,Zch_Rosengartenstrasse,Wipkingen,20.72
2022-05-31T23:00:00Z,Zch_Stampfenbachstrasse,Rathaus,20.26
2022-05-31T23:00:00Z,Zch_Schimmelstrasse,Sihlfeld,20.77
2022-05-31T23:00:00Z,Zch_Rosengartenstrasse,Wipkingen,20.2
2022-06-01T23:00:00Z,Zch_Stampfenbachstrasse,Rathaus,23.03
2022-06-01T23:00:00Z,Zch_Schimmelstrasse,Sihlfeld,23.92
2022-06-01T23:00:00Z,Zch_Rosengartenstrasse,Wipkingen,22.73
2022-06-02T23:00:00Z,Zch_Stampfenbachstrasse,Rathaus,26.12
2022-06-02T23:00:00Z,Zch_Schimmelstrasse,Sihlfeld,26.33
2022-06-02T23:00:00Z,Zch_Rosengartenstrasse,Wipkingen,25.89
2022-06-03T23:00:00Z,Zch_Stampfenbachstrasse,Rathaus,27.61
2022-06-03T23:00:00Z,Zch_Schimmelstrasse,Sihlfeld,28.28
2022-06-03T23:00:00Z,Zch_Rosengartenstrasse,Wipkingen,28.12
2022-06-04T23:00:00Z,Zch_Stampfenbachstrasse,Rathaus,22.88
2022-06-04T23:00:00Z,Zch_Schimmelstrasse,Sihlfeld,23.24
2022-06-04T23:00:00Z,Zch_Rosengartenstrasse,Wipkingen,23.14
2022-06-05T23:00:00Z,Zch_Stampfenbachstrasse,Rathaus,24.5
2022-06-05T23:00:00Z,Zch_Schimmelstrasse,Sihlfeld,24.75
2022-06-05T23:00:00Z,Zch_Rosengartenstrasse,Wipkingen,25.31
2022-06-06T23:00:00Z,Zch_Stampfenbachstrasse,Rathaus,19.33
2022-06-06T23:00:00Z,Zch_Schimmelstrasse,Sihlfeld,19.55
2022-06-06T23:00:00Z,Zch_Rosengartenstrasse,Wipkingen,19.02
2022-06-07T23:00:00Z,Zch_Stampfenbachstrasse,Rathaus,22.47
2022-06-07T23:00:00Z,Zch_Schimmelstrasse,Sihlfeld,23.02
2022-06-07T23:00:00Z,Zch_Rosengartenstrasse,Wipkingen,22.07
2022-06-08T23:00:00Z,Zch_Stampfenbachstrasse,Rathaus,17.38
2022-06-08T23:00:00Z,Zch_Schimmelstrasse,Sihlfeld,17.86
2022-06-08T23:00:00Z,Zch_Rosengartenstrasse,Wipkingen,17.86
2022-06-09T23:00:00Z,Zch_Stampfenbachstrasse,Rathaus,22.37
2022-06-09T23:00:00Z,Zch_Schimmelstrasse,Sihlfeld,22.66
2022-06-09T23:00:00Z,Zch_Rosengartenstrasse,Wipkingen,22.74
2022-06-10T23:00:00Z,Zch_Stampfenbachstrasse,Rathaus,26.34
2022-06-10T23:00:00Z,Zch_Schimmelstrasse,Sihlfeld,26.86
2022-06-10T23:00:00Z,Zch_Rosengartenstrasse,Wipkingen,26.55
2022-06-11T23:00:00Z,Zch_Stampfenbachstrasse,Rathaus,29.8
2022-06-11T23:00:00Z,Zch_Schimmelstrasse,Sihlfeld,30.43
2022-06-11T23:00:00Z,Zch_Rosengartenstrasse,Wipkingen,30.13
2022-06-12T23:00:00Z,Zch_Stampfenbachstrasse,Rathaus,25.1
2022-06-12T23:00:00Z,Zch_Schimmelstrasse,Sihlfeld,25.83
2022-06-12T23:00:00Z,Zch_Rosengartenstrasse,Wipkingen,25.22
2022-06-13T23:00:00Z,Zch_Stampfenbachstrasse,Rathaus,26.48
2022-06-13T23:00:00Z,Zch_Schimmelstrasse,Sihlfeld,27
2022-06-13T23:00:00Z,Zch_Rosengartenstrasse,Wipkingen,26.43
2022-06-14T23:00:00Z,Zch_Stampfenbachstrasse,Rathaus,30.86
2022-06-14T23:00:00Z,Zch_Schimmelstrasse,Sihlfeld,31.44
2022-06-14T23:00:00Z,Zch_Rosengartenstrasse,Wipkingen,31.29
2022-06-15T23:00:00Z,Zch_Stampfenbachstrasse,Rathaus,30.52
2022-06-15T23:00:00Z,Zch_Schimmelstrasse,Sihlfeld,31.11
2022-06-15T23:00:00Z,Zch_Rosengartenstrasse,Wipkingen,30.77
2022-06-16T23:00:00Z,Zch_Stampfenbachstrasse,Rathaus,29.49
2022-06-16T23:00:00Z,Zch_Schimmelstrasse,Sihlfeld,30.23
2022-06-16T23:00:00Z,Zch_Rosengartenstrasse,Wipkingen,29.58
2022-06-17T23:00:00Z,Zch_Stampfenbachstrasse,Rathaus,33.35
2022-06-17T23:00:00Z,Zch_Schimmelstrasse,Sihlfeld,34.41
2022-06-17T23:00:00Z,Zch_Rosengartenstrasse,Wipkingen,33.77
2022-06-18T23:00:00Z,Zch_Stampfenbachstrasse,Rathaus,35.31
2022-06-18T23:00:00Z,Zch_Schimmelstrasse,Sihlfeld,35.73
2022-06-18T23:00:00Z,Zch_Rosengartenstrasse,Wipkingen,35.63
2022-06-19T23:00:00Z,Zch_Stampfenbachstrasse,Rathaus,32.32
2022-06-19T23:00:00Z,Zch_Schimmelstrasse,Sihlfeld,32.53
2022-06-19T23:00:00Z,Zch_Rosengartenstrasse,Wipkingen,32.02
2022-06-20T23:00:00Z,Zch_Stampfenbachstrasse,Rathaus,30.53
2022-06-20T23:00:00Z,Zch_Schimmelstrasse,Sihlfeld,31
2022-06-20T23:00:00Z,Zch_Rosengartenstrasse,Wipkingen,30.97
2022-06-21T23:00:00Z,Zch_Stampfenbachstrasse,Rathaus,24.45
2022-06-21T23:00:00Z,Zch_Schimmelstrasse,Sihlfeld,25.05
2022-06-21T23:00:00Z,Zch_Rosengartenstrasse,Wipkingen,24.4
2022-06-22T23:00:00Z,Zch_Stampfenbachstrasse,Rathaus,29.27
2022-06-22T23:00:00Z,Zch_Schimmelstrasse,Sihlfeld,29.86
2022-06-22T23:00:00Z,Zch_Rosengartenstrasse,Wipkingen,29.34
2022-06-23T23:00:00Z,Zch_Stampfenbachstrasse,Rathaus,23.38
2022-06-23T23:00:00Z,Zch_Schimmelstrasse,Sihlfeld,23.83
2022-06-23T23:00:00Z,Zch_Rosengartenstrasse,Wipkingen,23.35
2022-06-24T23:00:00Z,Zch_Stampfenbachstrasse,Rathaus,26.23
2022-06-24T23:00:00Z,Zch_Schimmelstrasse,Sihlfeld,26.71
2022-06-24T23:00:00Z,Zch_Rosengartenstrasse,Wipkingen,26.22
2022-06-25T23:00:00Z,Zch_Stampfenbachstrasse,Rathaus,29.13
2022-06-25T23:00:00Z,Zch_Schimmelstrasse,Sihlfeld,29.79
2022-06-25T23:00:00Z,Zch_Rosengartenstrasse,Wipkingen,29.34
2022-06-26T23:00:00Z,Zch_Stampfenbachstrasse,Rathaus,23.94
2022-06-26T23:00:00Z,Zch_Schimmelstrasse,Sihlfeld,24
2022-06-26T23:00:00Z,Zch_Rosengartenstrasse,Wipkingen,23.71
2022-06-27T23:00:00Z,Zch_Stampfenbachstrasse,Rathaus,20.98
2022-06-27T23:00:00Z,Zch_Schimmelstrasse,Sihlfeld,21.46
2022-06-27T23:00:00Z,Zch_Rosengartenstrasse,Wipkingen,20.93
2022-06-28T23:00:00Z,Zch_Stampfenbachstrasse,Rathaus,26.4
2022-06-28T23:00:00Z,Zch_Schimmelstrasse,Sihlfeld,26.93
2022-06-28T23:00:00Z,Zch_Rosengartenstrasse,Wipkingen,26.8
2022-06-29T23:00:00Z,Zch_Stampfenbachstrasse,Rathaus,27.61
2022-06-29T23:00:00Z,Zch_Schimmelstrasse,Sihlfeld,27.93
2022-06-29T23:00:00Z,Zch_Rosengartenstrasse,Wipkingen,27.75
2022-06-30T23:00:00Z,Zch_Stampfenbachstrasse,Rathaus,19.09
2022-06-30T23:00:00Z,Zch_Schimmelstrasse,Sihlfeld,19.15
2022-06-30T23:00:00Z,Zch_Rosengartenstrasse,Wipkingen,19.11
2022-07-01T23:00:00Z,Zch_Stampfenbachstrasse,Rathaus,26.27
2022-07-01T23:00:00Z,Zch_Schimmelstrasse,Sihlfeld,26.7
2022-07-01T23:00:00Z,Zch_Rosengartenstrasse,Wipkingen,26.2
2022-07-02T23:00:00Z,Zch_Stampfenbachstrasse,Rathaus,30.48
2022-07-02T23:00:00Z,Zch_Schimmelstrasse,Sihlfeld,30.44
2022-07-02T23:00:00Z,Zch_Rosengartenstrasse,Wipkingen,29.95
2022-07-03T23:00:00Z,Zch_Stampfenbachstrasse,Rathaus,25.6
2022-07-03T23:00:00Z,Zch_Schimmelstrasse,Sihlfeld,26.34
2022-07-03T23:00:00Z,Zch_Rosengartenstrasse,Wipkingen,25.19
2022-07-04T23:00:00Z,Zch_Stampfenbachstrasse,Rathaus,26.97
2022-07-04T23:00:00Z,Zch_Schimmelstrasse,Sihlfeld,27.18
2022-07-04T23:00:00Z,Zch_Rosengartenstrasse,Wipkingen,27.43
2022-07-05T23:00:00Z,Zch_Stampfenbachstrasse,Rathaus,26.54
2022-07-05T23:00:00Z,Zch_Schimmelstrasse,Sihlfeld,27.05
2022-07-05T23:00:00Z,Zch_Rosengartenstrasse,Wipkingen,26.46
2022-07-06T23:00:00Z,Zch_Stampfenbachstrasse,Rathaus,24.28
2022-07-06T23:00:00Z,Zch_Schimmelstrasse,Sihlfeld,24.68
2022-07-06T23:00:00Z,Zch_Rosengartenstrasse,Wipkingen,23.69
2022-07-07T23:00:00Z,Zch_Stampfenbachstrasse,Rathaus,23.89
2022-07-07T23:00:00Z,Zch_Schimmelstrasse,Sihlfeld,24.34
2022-07-07T23:00:00Z,Zch_Rosengartenstrasse,Wipkingen,24.15
2022-07-08T23:00:00Z,Zch_Stampfenbachstrasse,Rathaus,25.53
2022-07-08T23:00:00Z,Zch_Schimmelstrasse,Sihlfeld,25.82
2022-07-08T23:00:00Z,Zch_Rosengartenstrasse,Wipkingen,25.54
2022-07-09T23:00:00Z,Zch_Stampfenbachstrasse,Rathaus,25.04
2022-07-09T23:00:00Z,Zch_Schimmelstrasse,Sihlfeld,25.82
2022-07-09T23:00:00Z,Zch_Rosengartenstrasse,Wipkingen,25.19
2022-07-10T23:00:00Z,Zch_Stampfenbachstrasse,Rathaus,25.04
2022-07-10T23:00:00Z,Zch_Schimmelstrasse,Sihlfeld,25.43
2022-07-10T23:00:00Z,Zch_Rosengartenstrasse,Wipkingen,25.08
2022-07-11T23:00:00Z,Zch_Stampfenbachstrasse,Rathaus,27.17
2022-07-11T23:00:00Z,Zch_Schimmelstrasse,Sihlfeld,27.59
2022-07-11T23:00:00Z,Zch_Rosengartenstrasse,Wipkingen,27.4
2022-07-12T23:00:00Z,Zch_Stampfenbachstrasse,Rathaus,30.9
2022-07-12T23:00:00Z,Zch_Schimmelstrasse,Sihlfeld,31.46
2022-07-12T23:00:00Z,Zch_Rosengartenstrasse,Wipkingen,30.97
2022-07-13T23:00:00Z,Zch_Stampfenbachstrasse,Rathaus,33.38
2022-07-13T23:00:00Z,Zch_Schimmelstrasse,Sihlfeld,33.94
2022-07-13T23:00:00Z,Zch_Rosengartenstrasse,Wipkingen,33.75
2022-07-14T23:00:00Z,Zch_Stampfenbachstrasse,Rathaus,29.22
2022-07-14T23:00:00Z,Zch_Schimmelstrasse,Sihlfeld,29.08
2022-07-14T23:00:00Z,Zch_Rosengartenstrasse,Wipkingen,29.36
2022-07-15T23:00:00Z,Zch_Stampfenbachstrasse,Rathaus,28.23
2022-07-15T23:00:00Z,Zch_Schimmelstrasse,Sihlfeld,28.49
2022-07-15T23:00:00Z,Zch_Rosengartenstrasse,Wipkingen,28.57
2022-07-16T23:00:00Z,Zch_Stampfenbachstrasse,Rathaus,29.21
2022-07-16T23:00:00Z,Zch_Schimmelstrasse,Sihlfeld,29.67
2022-07-16T23:00:00Z,Zch_Rosengartenstrasse,Wipkingen,29.5
2022-07-17T23:00:00Z,Zch_Stampfenbachstrasse,Rathaus,32.11
2022-07-17T23:00:00Z,Zch_Schimmelstrasse,Sihlfeld,32.49
2022-07-17T23:00:00Z,Zch_Rosengartenstrasse,Wipkingen,32.46
2022-07-18T23:00:00Z,Zch_Stampfenbachstrasse,Rathaus,34.34
2022-07-18T23:00:00Z,Zch_Schimmelstrasse,Sihlfeld,34.86
2022-07-18T23:00:00Z,Zch_Rosengartenstrasse,Wipkingen,34.57
2022-07-19T23:00:00Z,Zch_Stampfenbachstrasse,Rathaus,32.81
2022-07-19T23:00:00Z,Zch_Schimmelstrasse,Sihlfeld,33.92
2022-07-19T23:00:00Z,Zch_Rosengartenstrasse,Wipkingen,32.7
2022-07-20T23:00:00Z,Zch_Stampfenbachstrasse,Rathaus,28.63
2022-07-20T23:00:00Z,Zch_Schimmelstrasse,Sihlfeld,28.7
2022-07-20T23:00:00Z,Zch_Rosengartenstrasse,Wipkingen,28.5
2022-07-21T23:00:00Z,Zch_Stampfenbachstrasse,Rathaus,33.16
2022-07-21T23:00:00Z,Zch_Schimmelstrasse,Sihlfeld,33.42
2022-07-21T23:00:00Z,Zch_Rosengartenstrasse,Wipkingen,33.37
2022-07-22T23:00:00Z,Zch_Stampfenbachstrasse,Rathaus,27.02
2022-07-22T23:00:00Z,Zch_Schimmelstrasse,Sihlfeld,27.27
2022-07-22T23:00:00Z,Zch_Rosengartenstrasse,Wipkingen,27.15
2022-07-23T23:00:00Z,Zch_Stampfenbachstrasse,Rathaus,30.53
2022-07-23T23:00:00Z,Zch_Schimmelstrasse,Sihlfeld,31.09
2022-07-23T23:00:00Z,Zch_Rosengartenstrasse,Wipkingen,30.75
2022-07-24T23:00:00Z,Zch_Stampfenbachstrasse,Rathaus,34.59
2022-07-24T23:00:00Z,Zch_Schimmelstrasse,Sihlfeld,35.15
2022-07-24T23:00:00Z,Zch_Rosengartenstrasse,Wipkingen,34.53
2022-07-25T23:00:00Z,Zch_Stampfenbachstrasse,Rathaus,26.32
2022-07-25T23:00:00Z,Zch_Schimmelstrasse,Sihlfeld,26.34
2022-07-25T23:00:00Z,Zch_Rosengartenstrasse,Wipkingen,26.68
2022-07-26T23:00:00Z,Zch_Stampfenbachstrasse,Rathaus,26.4
2022-07-26T23:00:00Z,Zch_Schimmelstrasse,Sihlfeld,26.83
2022-07-26T23:00:00Z,Zch_Rosengartenstrasse,Wipkingen,26.53
2022-07-27T23:00:00Z,Zch_Stampfenbachstrasse,Rathaus,29.26
2022-07-27T23:00:00Z,Zch_Schimmelstrasse,Sihlfeld,29.65
2022-07-27T23:00:00Z,Zch_Rosengartenstrasse,Wipkingen,29.24
2022-07-28T23:00:00Z,Zch_Stampfenbachstrasse,Rathaus,24.27
2022-07-28T23:00:00Z,Zch_Schimmelstrasse,Sihlfeld,24.15
2022-07-28T23:00:00Z,Zch_Rosengartenstrasse,Wipkingen,24.37
2022-07-29T23:00:00Z,Zch_Stampfenbachstrasse,Rathaus,27.08
2022-07-29T23:00:00Z,Zch_Schimmelstrasse,Sihlfeld,27.44
2022-07-29T23:00:00Z,Zch_Rosengartenstrasse,Wipkingen,27.29
2022-07-30T23:00:00Z,Zch_Stampfenbachstrasse,Rathaus,29.29
2022-07-30T23:00:00Z,Zch_Schimmelstrasse,Sihlfeld,29.34
2022-07-30T23:00:00Z,Zch_Rosengartenstrasse,Wipkingen,29.47
2022-07-31T23:00:00Z,Zch_Stampfenbachstrasse,Rathaus,30.48
2022-07-31T23:00:00Z,Zch_Schimmelstrasse,Sihlfeld,31.23
2022-07-31T23:00:00Z,Zch_Rosengartenstrasse,Wipkingen,30.31
2022-08-01T23:00:00Z,Zch_Stampfenbachstrasse,Rathaus,29.49
2022-08-01T23:00:00Z,Zch_Schimmelstrasse,Sihlfeld,29.98
2022-08-01T23:00:00Z,Zch_Rosengartenstrasse,Wipkingen,29.73
2022-08-02T23:00:00Z,Zch_Stampfenbachstrasse,Rathaus,33.37
2022-08-02T23:00:00Z,Zch_Schimmelstrasse,Sihlfeld,33.48
2022-08-02T23:00:00Z,Zch_Rosengartenstrasse,Wipkingen,33.61
2022-08-03T23:00:00Z,Zch_Stampfenbachstrasse,Rathaus,35.39
2022-08-03T23:00:00Z,Zch_Schimmelstrasse,Sihlfeld,35.36
2022-08-03T23:00:00Z,Zch_Rosengartenstrasse,Wipkingen,35.21
2022-08-04T23:00:00Z,Zch_Stampfenbachstrasse,Rathaus,32.99
2022-08-04T23:00:00Z,Zch_Schimmelstrasse,Sihlfeld,33.09
2022-08-04T23:00:00Z,Zch_Rosengartenstrasse,Wipkingen,32.84
2022-08-05T23:00:00Z,Zch_Stampfenbachstrasse,Rathaus,20.86
2022-08-05T23:00:00Z,Zch_Schimmelstrasse,Sihlfeld,20.38
2022-08-05T23:00:00Z,Zch_Rosengartenstrasse,Wipkingen,19.91
2022-08-06T23:00:00Z,Zch_Stampfenbachstrasse,Rathaus,22.59
2022-08-06T23:00:00Z,Zch_Schimmelstrasse,Sihlfeld,22.96
2022-08-06T23:00:00Z,Zch_Rosengartenstrasse,Wipkingen,22.64
2022-08-07T23:00:00Z,Zch_Stampfenbachstrasse,Rathaus,26.81
2022-08-07T23:00:00Z,Zch_Schimmelstrasse,Sihlfeld,27.1
2022-08-07T23:00:00Z,Zch_Rosengartenstrasse,Wipkingen,26.84
2022-08-08T23:00:00Z,Zch_Stampfenbachstrasse,Rathaus,27.79
2022-08-08T23:00:00Z,Zch_Schimmelstrasse,Sihlfeld,28.29
2022-08-08T23:00:00Z,Zch_Rosengartenstrasse,Wipkingen,27.79
2022-08-09T23:00:00Z,Zch_Stampfenbachstrasse,Rathaus,27.67
2022-08-09T23:00:00Z,Zch_Schimmelstrasse,Sihlfeld,27.81
2022-08-09T23:00:00Z,Zch_Rosengartenstrasse,Wipkingen,27.55
2022-08-10T23:00:00Z,Zch_Stampfenbachstrasse,Rathaus,27.9
2022-08-10T23:00:00Z,Zch_Schimmelstrasse,Sihlfeld,28.1
2022-08-10T23:00:00Z,Zch_Rosengartenstrasse,Wipkingen,28.15
2022-08-11T23:00:00Z,Zch_Stampfenbachstrasse,Rathaus,27.14
2022-08-11T23:00:00Z,Zch_Schimmelstrasse,Sihlfeld,27.81
2022-08-11T23:00:00Z,Zch_Rosengartenstrasse,Wipkingen,26.81
2022-08-12T23:00:00Z,Zch_Stampfenbachstrasse,Rathaus,27.99
2022-08-12T23:00:00Z,Zch_Schimmelstrasse,Sihlfeld,28.22
2022-08-12T23:00:00Z,Zch_Rosengartenstrasse,Wipkingen,27.94
2022-08-13T23:00:00Z,Zch_Stampfenbachstrasse,Rathaus,27.75
2022-08-13T23:00:00Z,Zch_Schimmelstrasse,Sihlfeld,28.14
2022-08-13T23:00:00Z,Zch_Rosengartenstrasse,Wipkingen,27.71
2022-08-14T23:00:00Z,Zch_Stampfenbachstrasse,Rathaus,27.12
2022-08-14T23:00:00Z,Zch_Schimmelstrasse,Sihlfeld,27.47
2022-08-14T23:00:00Z,Zch_Rosengartenstrasse,Wipkingen,26.65
2022-08-15T23:00:00Z,Zch_Stampfenbachstrasse,Rathaus,29.43
2022-08-15T23:00:00Z,Zch_Schimmelstrasse,Sihlfeld,29.39
2022-08-15T23:00:00Z,Zch_Rosengartenstrasse,Wipkingen,29.36
2022-08-16T23:00:00Z,Zch_Stampfenbachstrasse,Rathaus,29.02
2022-08-16T23:00:00Z,Zch_Schimmelstrasse,Sihlfeld,29.72
2022-08-16T23:00:00Z,Zch_Rosengartenstrasse,Wipkingen,29.02
2022-08-17T23:00:00Z,Zch_Stampfenbachstrasse,Rathaus,22.26
2022-08-17T23:00:00Z,Zch_Schimmelstrasse,Sihlfeld,22.3
2022-08-17T23:00:00Z,Zch_Rosengartenstrasse,Wipkingen,22.18
2022-08-18T23:00:00Z,Zch_Stampfenbachstrasse,Rathaus,19.96
2022-08-18T23:00:00Z,Zch_Schimmelstrasse,Sihlfeld,19.87
2022-08-18T23:00:00Z,Zch_Rosengartenstrasse,Wipkingen,19.23
2022-08-19T23:00:00Z,Zch_Stampfenbachstrasse,Rathaus,22.45
2022-08-19T23:00:00Z,Zch_Schimmelstrasse,Sihlfeld,22.99
2022-08-19T23:00:00Z,Zch_Rosengartenstrasse,Wipkingen,22.56
2022-08-20T23:00:00Z,Zch_Stampfenbachstrasse,Rathaus,25.43
2022-08-20T23:00:00Z,Zch_Schimmelstrasse,Sihlfeld,25.64
2022-08-20T23:00:00Z,Zch_Rosengartenstrasse,Wipkingen,25.46
2022-08-21T23:00:00Z,Zch_Stampfenbachstrasse,Rathaus,25.98
2022-08-21T23:00:00Z,Zch_Schimmelstrasse,Sihlfeld,26.78
2022-08-21T23:00:00Z,Zch_Rosengartenstrasse,Wipkingen,26.46
2022-08-22T23:00:00Z,Zch_Stampfenbachstrasse,Rathaus,26.82
2022-08-22T23:00:00Z,Zch_Schimmelstrasse,Sihlfeld,28
2022-08-22T23:00:00Z,Zch_Rosengartenstrasse,Wipkingen,26.7
2022-08-23T23:00:00Z,Zch_Stampfenbachstrasse,Rathaus,27.36
2022-08-23T23:00:00Z,Zch_Schimmelstrasse,Sihlfeld,27.7
2022-08-23T23:00:00Z,Zch_Rosengartenstrasse,Wipkingen,27.33
2022-08-24T23:00:00Z,Zch_Stampfenbachstrasse,Rathaus,29.08
2022-08-24T23:00:00Z,Zch_Schimmelstrasse,Sihlfeld,29.18
2022-08-24T23:00:00Z,Zch_Rosengartenstrasse,Wipkingen,29.25
2022-08-25T23:00:00Z,Zch_Stampfenbachstrasse,Rathaus,29.12
2022-08-25T23:00:00Z,Zch_Schimmelstrasse,Sihlfeld,29.33
2022-08-25T23:00:00Z,Zch_Rosengartenstrasse,Wipkingen,29.41
2022-08-26T23:00:00Z,Zch_Stampfenbachstrasse,Rathaus,23.95
2022-08-26T23:00:00Z,Zch_Schimmelstrasse,Sihlfeld,24.26
2022-08-26T23:00:00Z,Zch_Rosengartenstrasse,Wipkingen,23.75
2022-08-27T23:00:00Z,Zch_Stampfenbachstrasse,Rathaus,24.92
2022-08-27T23:00:00Z,Zch_Schimmelstrasse,Sihlfeld,25.64
2022-08-27T23:00:00Z,Zch_Rosengartenstrasse,Wipkingen,25.19
2022-08-28T23:00:00Z,Zch_Stampfenbachstrasse,Rathaus,26.83
2022-08-28T23:00:00Z,Zch_Schimmelstrasse,Sihlfeld,27.12
2022-08-28T23:00:00Z,Zch_Rosengartenstrasse,Wipkingen,26.82
2022-08-29T23:00:00Z,Zch_Stampfenbachstrasse,Rathaus,27.87
2022-08-29T23:00:00Z,Zch_Schimmelstrasse,Sihlfeld,28.12
2022-08-29T23:00:00Z,Zch_Rosengartenstrasse,Wipkingen,27.92
2022-08-30T23:00:00Z,Zch_Stampfenbachstrasse,Rathaus,20.7
2022-08-30T23:00:00Z,Zch_Schimmelstrasse,Sihlfeld,21.16
2022-08-30T23:00:00Z,Zch_Rosengartenstrasse,Wipkingen,20.88
2022-08-31T23:00:00Z,Zch_Stampfenbachstrasse,Rathaus,21.9
2022-08-31T23:00:00Z,Zch_Schimmelstrasse,Sihlfeld,21.96
2022-08-31T23:00:00Z,Zch_Rosengartenstrasse,Wipkingen,21.7
2022-09-01T23:00:00Z,Zch_Stampfenbachstrasse,Rathaus,24.18
2022-09-01T23:00:00Z,Zch_Schimmelstrasse,Sihlfeld,24.51
2022-09-01T23:00:00Z,Zch_Rosengartenstrasse,Wipkingen,23.99
2022-09-02T23:00:00Z,Zch_Stampfenbachstrasse,Rathaus,22.28
2022-09-02T23:00:00Z,Zch_Schimmelstrasse,Sihlfeld,22.63
2022-09-02T23:00:00Z,Zch_Rosengartenstrasse,Wipkingen,22.48
2022-09-03T23:00:00Z,Zch_Stampfenbachstrasse,Rathaus,25.59
2022-09-03T23:00:00Z,Zch_Schimmelstrasse,Sihlfeld,26.16
2022-09-03T23:00:00Z,Zch_Rosengartenstrasse,Wipkingen,25.52
2022-09-04T23:00:00Z,Zch_Stampfenbachstrasse,Rathaus,26.89
2022-09-04T23:00:00Z,Zch_Schimmelstrasse,Sihlfeld,27.32
2022-09-04T23:00:00Z,Zch_Rosengartenstrasse,Wipkingen,27.14
2022-09-05T23:00:00Z,Zch_Stampfenbachstrasse,Rathaus,22.9
2022-09-05T23:00:00Z,Zch_Schimmelstrasse,Sihlfeld,23.3
2022-09-05T23:00:00Z,Zch_Rosengartenstrasse,Wipkingen,22.44
2022-09-06T23:00:00Z,Zch_Stampfenbachstrasse,Rathaus,26.55
2022-09-06T23:00:00Z,Zch_Schimmelstrasse,Sihlfeld,27.02
2022-09-06T23:00:00Z,Zch_Rosengartenstrasse,Wipkingen,26.61
2022-09-07T23:00:00Z,Zch_Stampfenbachstrasse,Rathaus,22.74
2022-09-07T23:00:00Z,Zch_Schimmelstrasse,Sihlfeld,22.81
2022-09-07T23:00:00Z,Zch_Rosengartenstrasse,Wipkingen,22.68
2022-09-08T23:00:00Z,Zch_Stampfenbachstrasse,Rathaus,22.6
2022-09-08T23:00:00Z,Zch_Schimmelstrasse,Sihlfeld,22.6
2022-09-08T23:00:00Z,Zch_Rosengartenstrasse,Wipkingen,22.54
2022-09-09T23:00:00Z,Zch_Stampfenbachstrasse,Rathaus,19.3
2022-09-09T23:00:00Z,Zch_Schimmelstrasse,Sihlfeld,19.59
2022-09-09T23:00:00Z,Zch_Rosengartenstrasse,Wipkingen,19.19
2022-09-10T23:00:00Z,Zch_Stampfenbachstrasse,Rathaus,21.9
2022-09-10T23:00:00Z,Zch_Schimmelstrasse,Sihlfeld,22.17
2022-09-10T23:00:00Z,Zch_Rosengartenstrasse,Wipkingen,22.24
2022-09-11T23:00:00Z,Zch_Stampfenbachstrasse,Rathaus,24.4
2022-09-11T23:00:00Z,Zch_Schimmelstrasse,Sihlfeld,24.61
2022-09-11T23:00:00Z,Zch_Rosengartenstrasse,Wipkingen,24.75
2022-09-12T23:00:00Z,Zch_Stampfenbachstrasse,Rathaus,26.8
2022-09-12T23:00:00Z,Zch_Schimmelstrasse,Sihlfeld,26.92
2022-09-12T23:00:00Z,Zch_Rosengartenstrasse,Wipkingen,26.73
2022-09-13T23:00:00Z,Zch_Stampfenbachstrasse,Rathaus,23.54
2022-09-13T23:00:00Z,Zch_Schimmelstrasse,Sihlfeld,24.12
2022-09-13T23:00:00Z,Zch_Rosengartenstrasse,Wipkingen,23.55
2022-09-14T23:00:00Z,Zch_Stampfenbachstrasse,Rathaus,20.33
2022-09-14T23:00:00Z,Zch_Schimmelstrasse,Sihlfeld,19.79
2022-09-14T23:00:00Z,Zch_Rosengartenstrasse,Wipkingen,19.82
2022-09-15T23:00:00Z,Zch_Stampfenbachstrasse,Rathaus,17.7
2022-09-15T23:00:00Z,Zch_Schimmelstrasse,Sihlfeld,18.14
2022-09-15T23:00:00Z,Zch_Rosengartenstrasse,Wipkingen,17.89
2022-09-16T23:00:00Z,Zch_Stampfenbachstrasse,Rathaus,13.69
2022-09-16T23:00:00Z,Zch_Schimmelstrasse,Sihlfeld,14.04
2022-09-16T23:00:00Z,Zch_Rosengartenstrasse,Wipkingen,13.65
2022-09-17T23:00:00Z,Zch_Stampfenbachstrasse,Rathaus,16.51
2022-09-17T23:00:00Z,Zch_Schimmelstrasse,Sihlfeld,16.91
2022-09-17T23:00:00Z,Zch_Rosengartenstrasse,Wipkingen,16.26
2022-09-18T23:00:00Z,Zch_Stampfenbachstrasse,Rathaus,16.56
2022-09-18T23:00:00Z,Zch_Schimmelstrasse,Sihlfeld,16.08
2022-09-18T23:00:00Z,Zch_Rosengartenstrasse,Wipkingen,16.17
2022-09-19T23:00:00Z,Zch_Stampfenbachstrasse,Rathaus,16.04
2022-09-19T23:00:00Z,Zch_Schimmelstrasse,Sihlfeld,16.25
2022-09-19T23:00:00Z,Zch_Rosengartenstrasse,Wipkingen,15.78
2022-09-20T23:00:00Z,Zch_Stampfenbachstrasse,Rathaus,16.92
2022-09-20T23:00:00Z,Zch_Schimmelstrasse,Sihlfeld,16.93
2022-09-20T23:00:00Z,Zch_Rosengartenstrasse,Wipkingen,17.02
2022-09-21T23:00:00Z,Zch_Stampfenbachstrasse,Rathaus,17.72
2022-09-21T23:00:00Z,Zch_Schimmelstrasse,Sihlfeld,17.62
2022-09-21T23:00:00Z,Zch_Rosengartenstrasse,Wipkingen,17.72
2022-09-22T23:00:00Z,Zch_Stampfenbachstrasse,Rathaus,20.57
2022-09-22T23:00:00Z,Zch_Schimmelstrasse,Sihlfeld,20.89
2022-09-22T23:00:00Z,Zch_Rosengartenstrasse,Wipkingen,20.68
2022-09-23T23:00:00Z,Zch_Stampfenbachstrasse,Rathaus,16.17
2022-09-23T23:00:00Z,Zch_Schimmelstrasse,Sihlfeld,15.61
2022-09-23T23:00:00Z,Zch_Rosengartenstrasse,Wipkingen,15.72
2022-09-24T23:00:00Z,Zch_Stampfenbachstrasse,Rathaus,14.38
2022-09-24T23:00:00Z,Zch_Schimmelstrasse,Sihlfeld,14.36
2022-09-24T23:00:00Z,Zch_Rosengartenstrasse,Wipkingen,13.89
2022-09-25T23:00:00Z,Zch_Stampfenbachstrasse,Rathaus,14.9
2022-09-25T23:00:00Z,Zch_Schimmelstrasse,Sihlfeld,15.36
2022-09-25T23:00:00Z,Zch_Rosengartenstrasse,Wipkingen,14.65
2022-09-26T23:00:00Z,Zch_Stampfenbachstrasse,Rathaus,12.5
2022-09-26T23:00:00Z,Zch_Schimmelstrasse,Sihlfeld,12.61
2022-09-26T23:00:00Z,Zch_Rosengartenstrasse,Wipkingen,NA
2022-09-27T23:00:00Z,Zch_Stampfenbachstrasse,Rathaus,12.1
2022-09-27T23:00:00Z,Zch_Schimmelstrasse,Sihlfeld,11.68
2022-09-27T23:00:00Z,Zch_Rosengartenstrasse,Wipkingen,11.45
2022-09-28T23:00:00Z,Zch_Stampfenbachstrasse,Rathaus,12
2022-09-28T23:00:00Z,Zch_Schimmelstrasse,Sihlfeld,12.12
2022-09-28T23:00:00Z,Zch_Rosengartenstrasse,Wipkingen,11.5
2022-09-29T23:00:00Z,Zch_Stampfenbachstrasse,Rathaus,13.51
2022-09-29T23:00:00Z,Zch_Schimmelstrasse,Sihlfeld,14.08
2022-09-29T23:00:00Z,Zch_Rosengartenstrasse,Wipkingen,13.47
2022-09-30T23:00:00Z,Zch_Stampfenbachstrasse,Rathaus,14.13
2022-09-30T23:00:00Z,Zch_Schimmelstrasse,Sihlfeld,14.26
2022-09-30T23:00:00Z,Zch_Rosengartenstrasse,Wipkingen,13.44
2022-10-01T23:00:00Z,Zch_Stampfenbachstrasse,Rathaus,19.87
2022-10-01T23:00:00Z,Zch_Schimmelstrasse,Sihlfeld,20.14
2022-10-01T23:00:00Z,Zch_Rosengartenstrasse,Wipkingen,19.98
2022-10-02T23:00:00Z,Zch_Stampfenbachstrasse,Rathaus,16.23
2022-10-02T23:00:00Z,Zch_Schimmelstrasse,Sihlfeld,16.52
2022-10-02T23:00:00Z,Zch_Rosengartenstrasse,Wipkingen,16.21
2022-10-03T23:00:00Z,Zch_Stampfenbachstrasse,Rathaus,17.7
2022-10-03T23:00:00Z,Zch_Schimmelstrasse,Sihlfeld,17.89
2022-10-03T23:00:00Z,Zch_Rosengartenstrasse,Wipkingen,17.48
2022-10-04T23:00:00Z,Zch_Stampfenbachstrasse,Rathaus,22.24
2022-10-04T23:00:00Z,Zch_Schimmelstrasse,Sihlfeld,22.32
2022-10-04T23:00:00Z,Zch_Rosengartenstrasse,Wipkingen,22.84
2022-10-05T23:00:00Z,Zch_Stampfenbachstrasse,Rathaus,20.23
2022-10-05T23:00:00Z,Zch_Schimmelstrasse,Sihlfeld,20.43
2022-10-05T23:00:00Z,Zch_Rosengartenstrasse,Wipkingen,20.26
2022-10-06T23:00:00Z,Zch_Stampfenbachstrasse,Rathaus,19.51
2022-10-06T23:00:00Z,Zch_Schimmelstrasse,Sihlfeld,19.49
2022-10-06T23:00:00Z,Zch_Rosengartenstrasse,Wipkingen,19.54
2022-10-07T23:00:00Z,Zch_Stampfenbachstrasse,Rathaus,17.12
2022-10-07T23:00:00Z,Zch_Schimmelstrasse,Sihlfeld,17.36
2022-10-07T23:00:00Z,Zch_Rosengartenstrasse,Wipkingen,17.16
2022-10-08T23:00:00Z,Zch_Stampfenbachstrasse,Rathaus,13.9
2022-10-08T23:00:00Z,Zch_Schimmelstrasse,Sihlfeld,14.11
2022-10-08T23:00:00Z,Zch_Rosengartenstrasse,Wipkingen,13.7
2022-10-09T23:00:00Z,Zch_Stampfenbachstrasse,Rathaus,19.95
2022-10-09T23:00:00Z,Zch_Schimmelstrasse,Sihlfeld,19.8
2022-10-09T23:00:00Z,Zch_Rosengartenstrasse,Wipkingen,20.22
2022-10-10T23:00:00Z,Zch_Stampfenbachstrasse,Rathaus,18.97
2022-10-10T23:00:00Z,Zch_Schimmelstrasse,Sihlfeld,19.25
2022-10-10T23:00:00Z,Zch_Rosengartenstrasse,Wipkingen,19.11
2022-10-11T23:00:00Z,Zch_Stampfenbachstrasse,Rathaus,16.01
2022-10-11T23:00:00Z,Zch_Schimmelstrasse,Sihlfeld,16.13
2022-10-11T23:00:00Z,Zch_Rosengartenstrasse,Wipkingen,15.62
2022-10-12T23:00:00Z,Zch_Stampfenbachstrasse,Rathaus,17.68
2022-10-12T23:00:00Z,Zch_Schimmelstrasse,Sihlfeld,18.2
2022-10-12T23:00:00Z,Zch_Rosengartenstrasse,Wipkingen,18
2022-10-13T23:00:00Z,Zch_Stampfenbachstrasse,Rathaus,16.41
2022-10-13T23:00:00Z,Zch_Schimmelstrasse,Sihlfeld,16.5
2022-10-13T23:00:00Z,Zch_Rosengartenstrasse,Wipkingen,15.96
2022-10-14T23:00:00Z,Zch_Stampfenbachstrasse,Rathaus,19.29
2022-10-14T23:00:00Z,Zch_Schimmelstrasse,Sihlfeld,19.39
2022-10-14T23:00:00Z,Zch_Rosengartenstrasse,Wipkingen,19.37
2022-10-15T23:00:00Z,Zch_Stampfenbachstrasse,Rathaus,22.89
2022-10-15T23:00:00Z,Zch_Schimmelstrasse,Sihlfeld,23.1
2022-10-15T23:00:00Z,Zch_Rosengartenstrasse,Wipkingen,22.95
2022-10-16T23:00:00Z,Zch_Stampfenbachstrasse,Rathaus,22.44
2022-10-16T23:00:00Z,Zch_Schimmelstrasse,Sihlfeld,22.16
2022-10-16T23:00:00Z,Zch_Rosengartenstrasse,Wipkingen,22.51
2022-10-17T23:00:00Z,Zch_Stampfenbachstrasse,Rathaus,21.94
2022-10-17T23:00:00Z,Zch_Schimmelstrasse,Sihlfeld,22.02
2022-10-17T23:00:00Z,Zch_Rosengartenstrasse,Wipkingen,22
2022-10-18T23:00:00Z,Zch_Stampfenbachstrasse,Rathaus,18.49
2022-10-18T23:00:00Z,Zch_Schimmelstrasse,Sihlfeld,18.63
2022-10-18T23:00:00Z,Zch_Rosengartenstrasse,Wipkingen,18.54
2022-10-19T23:00:00Z,Zch_Stampfenbachstrasse,Rathaus,18.07
2022-10-19T23:00:00Z,Zch_Schimmelstrasse,Sihlfeld,18.17
2022-10-19T23:00:00Z,Zch_Rosengartenstrasse,Wipkingen,18.01
2022-10-20T23:00:00Z,Zch_Stampfenbachstrasse,Rathaus,16.88
2022-10-20T23:00:00Z,Zch_Schimmelstrasse,Sihlfeld,16.61
2022-10-20T23:00:00Z,Zch_Rosengartenstrasse,Wipkingen,15.95
2022-10-21T23:00:00Z,Zch_Stampfenbachstrasse,Rathaus,19.27
2022-10-21T23:00:00Z,Zch_Schimmelstrasse,Sihlfeld,19.22
2022-10-21T23:00:00Z,Zch_Rosengartenstrasse,Wipkingen,19.2
2022-10-22T23:00:00Z,Zch_Stampfenbachstrasse,Rathaus,17.87
2022-10-22T23:00:00Z,Zch_Schimmelstrasse,Sihlfeld,19.88
2022-10-22T23:00:00Z,Zch_Rosengartenstrasse,Wipkingen,17.73
2022-10-23T23:00:00Z,Zch_Stampfenbachstrasse,Rathaus,18
2022-10-23T23:00:00Z,Zch_Schimmelstrasse,Sihlfeld,18.5
2022-10-23T23:00:00Z,Zch_Rosengartenstrasse,Wipkingen,17.67
2022-10-24T23:00:00Z,Zch_Stampfenbachstrasse,Rathaus,18.04
2022-10-24T23:00:00Z,Zch_Schimmelstrasse,Sihlfeld,18.04
2022-10-24T23:00:00Z,Zch_Rosengartenstrasse,Wipkingen,18.11
2022-10-25T23:00:00Z,Zch_Stampfenbachstrasse,Rathaus,19.85
2022-10-25T23:00:00Z,Zch_Schimmelstrasse,Sihlfeld,19.76
2022-10-25T23:00:00Z,Zch_Rosengartenstrasse,Wipkingen,19.78
2022-10-26T23:00:00Z,Zch_Stampfenbachstrasse,Rathaus,20.4
2022-10-26T23:00:00Z,Zch_Schimmelstrasse,Sihlfeld,20.48
2022-10-26T23:00:00Z,Zch_Rosengartenstrasse,Wipkingen,20.42
2022-10-27T23:00:00Z,Zch_Stampfenbachstrasse,Rathaus,19.21
2022-10-27T23:00:00Z,Zch_Schimmelstrasse,Sihlfeld,19.02
2022-10-27T23:00:00Z,Zch_Rosengartenstrasse,Wipkingen,18.96
2022-10-28T23:00:00Z,Zch_Stampfenbachstrasse,Rathaus,20.08
2022-10-28T23:00:00Z,Zch_Schimmelstrasse,Sihlfeld,20.86
2022-10-28T23:00:00Z,Zch_Rosengartenstrasse,Wipkingen,20.22
2022-10-29T23:00:00Z,Zch_Stampfenbachstrasse,Rathaus,18.29
2022-10-29T23:00:00Z,Zch_Schimmelstrasse,Sihlfeld,18.33
2022-10-29T23:00:00Z,Zch_Rosengartenstrasse,Wipkingen,18.41
2022-10-30T23:00:00Z,Zch_Stampfenbachstrasse,Rathaus,16.64
2022-10-30T23:00:00Z,Zch_Schimmelstrasse,Sihlfeld,16.28
2022-10-30T23:00:00Z,Zch_Rosengartenstrasse,Wipkingen,16.62
2022-10-31T23:00:00Z,Zch_Stampfenbachstrasse,Rathaus,16.79
2022-10-31T23:00:00Z,Zch_Schimmelstrasse,Sihlfeld,17.2
2022-10-31T23:00:00Z,Zch_Rosengartenstrasse,Wipkingen,17.09
2022-11-01T23:00:00Z,Zch_Stampfenbachstrasse,Rathaus,14.99
2022-11-01T23:00:00Z,Zch_Schimmelstrasse,Sihlfeld,14.98
2022-11-01T23:00:00Z,Zch_Rosengartenstrasse,Wipkingen,15.35
2022-11-02T23:00:00Z,Zch_Stampfenbachstrasse,Rathaus,12.78
2022-11-02T23:00:00Z,Zch_Schimmelstrasse,Sihlfeld,12.64
2022-11-02T23:00:00Z,Zch_Rosengartenstrasse,Wipkingen,12.38
2022-11-03T23:00:00Z,Zch_Stampfenbachstrasse,Rathaus,11.74
2022-11-03T23:00:00Z,Zch_Schimmelstrasse,Sihlfeld,12.04
2022-11-03T23:00:00Z,Zch_Rosengartenstrasse,Wipkingen,11.83
2022-11-04T23:00:00Z,Zch_Stampfenbachstrasse,Rathaus,9.69
2022-11-04T23:00:00Z,Zch_Schimmelstrasse,Sihlfeld,9.42
2022-11-04T23:00:00Z,Zch_Rosengartenstrasse,Wipkingen,8.97
2022-11-05T23:00:00Z,Zch_Stampfenbachstrasse,Rathaus,9.54
2022-11-05T23:00:00Z,Zch_Schimmelstrasse,Sihlfeld,9.81
2022-11-05T23:00:00Z,Zch_Rosengartenstrasse,Wipkingen,8.96
2022-11-06T23:00:00Z,Zch_Stampfenbachstrasse,Rathaus,15.59
2022-11-06T23:00:00Z,Zch_Schimmelstrasse,Sihlfeld,15.55
2022-11-06T23:00:00Z,Zch_Rosengartenstrasse,Wipkingen,15.76
2022-11-07T23:00:00Z,Zch_Stampfenbachstrasse,Rathaus,15.1
2022-11-07T23:00:00Z,Zch_Schimmelstrasse,Sihlfeld,14.77
2022-11-07T23:00:00Z,Zch_Rosengartenstrasse,Wipkingen,14.41
2022-11-08T23:00:00Z,Zch_Stampfenbachstrasse,Rathaus,12.6
2022-11-08T23:00:00Z,Zch_Schimmelstrasse,Sihlfeld,12.54
2022-11-08T23:00:00Z,Zch_Rosengartenstrasse,Wipkingen,12.1
2022-11-09T23:00:00Z,Zch_Stampfenbachstrasse,Rathaus,12.43
2022-11-09T23:00:00Z,Zch_Schimmelstrasse,Sihlfeld,12.19
2022-11-09T23:00:00Z,Zch_Rosengartenstrasse,Wipkingen,12.08
2022-11-10T23:00:00Z,Zch_Stampfenbachstrasse,Rathaus,12.09
2022-11-10T23:00:00Z,Zch_Schimmelstrasse,Sihlfeld,12.21
2022-11-10T23:00:00Z,Zch_Rosengartenstrasse,Wipkingen,11.72
2022-11-11T23:00:00Z,Zch_Stampfenbachstrasse,Rathaus,10.22
2022-11-11T23:00:00Z,Zch_Schimmelstrasse,Sihlfeld,10.46
2022-11-11T23:00:00Z,Zch_Rosengartenstrasse,Wipkingen,9.71
2022-11-12T23:00:00Z,Zch_Stampfenbachstrasse,Rathaus,7.94
2022-11-12T23:00:00Z,Zch_Schimmelstrasse,Sihlfeld,7.87
2022-11-12T23:00:00Z,Zch_Rosengartenstrasse,Wipkingen,7.4
2022-11-13T23:00:00Z,Zch_Stampfenbachstrasse,Rathaus,12.33
2022-11-13T23:00:00Z,Zch_Schimmelstrasse,Sihlfeld,12.49
2022-11-13T23:00:00Z,Zch_Rosengartenstrasse,Wipkingen,11.46
2022-11-14T23:00:00Z,Zch_Stampfenbachstrasse,Rathaus,11.72
2022-11-14T23:00:00Z,Zch_Schimmelstrasse,Sihlfeld,11.82
2022-11-14T23:00:00Z,Zch_Rosengartenstrasse,Wipkingen,11.47
2022-11-15T23:00:00Z,Zch_Stampfenbachstrasse,Rathaus,13.66
2022-11-15T23:00:00Z,Zch_Schimmelstrasse,Sihlfeld,13.63
2022-11-15T23:00:00Z,Zch_Rosengartenstrasse,Wipkingen,13.33
2022-11-16T23:00:00Z,Zch_Stampfenbachstrasse,Rathaus,14.46
2022-11-16T23:00:00Z,Zch_Schimmelstrasse,Sihlfeld,14.95
2022-11-16T23:00:00Z,Zch_Rosengartenstrasse,Wipkingen,14.59
2022-11-17T23:00:00Z,Zch_Stampfenbachstrasse,Rathaus,10.16
2022-11-17T23:00:00Z,Zch_Schimmelstrasse,Sihlfeld,9.48
2022-11-17T23:00:00Z,Zch_Rosengartenstrasse,Wipkingen,9.52
2022-11-18T23:00:00Z,Zch_Stampfenbachstrasse,Rathaus,9.44
2022-11-18T23:00:00Z,Zch_Schimmelstrasse,Sihlfeld,9.54
2022-11-18T23:00:00Z,Zch_Rosengartenstrasse,Wipkingen,9.76
2022-11-19T23:00:00Z,Zch_Stampfenbachstrasse,Rathaus,8.95
2022-11-19T23:00:00Z,Zch_Schimmelstrasse,Sihlfeld,8.94
2022-11-19T23:00:00Z,Zch_Rosengartenstrasse,Wipkingen,8.97
2022-11-20T23:00:00Z,Zch_Stampfenbachstrasse,Rathaus,9.55
2022-11-20T23:00:00Z,Zch_Schimmelstrasse,Sihlfeld,9.62
2022-11-20T23:00:00Z,Zch_Rosengartenstrasse,Wipkingen,9.46
2022-11-21T23:00:00Z,Zch_Stampfenbachstrasse,Rathaus,8.19
2022-11-21T23:00:00Z,Zch_Schimmelstrasse,Sihlfeld,8.49
2022-11-21T23:00:00Z,Zch_Rosengartenstrasse,Wipkingen,8.28
2022-11-22T23:00:00Z,Zch_Stampfenbachstrasse,Rathaus,9.12
2022-11-22T23:00:00Z,Zch_Schimmelstrasse,Sihlfeld,9.21
2022-11-22T23:00:00Z,Zch_Rosengartenstrasse,Wipkingen,9.16
2022-11-23T23:00:00Z,Zch_Stampfenbachstrasse,Rathaus,10.54
2022-11-23T23:00:00Z,Zch_Schimmelstrasse,Sihlfeld,10.49
2022-11-23T23:00:00Z,Zch_Rosengartenstrasse,Wipkingen,10.76
2022-11-24T23:00:00Z,Zch_Stampfenbachstrasse,Rathaus,9.44
2022-11-24T23:00:00Z,Zch_Schimmelstrasse,Sihlfeld,9.51
2022-11-24T23:00:00Z,Zch_Rosengartenstrasse,Wipkingen,9.13
2022-11-25T23:00:00Z,Zch_Stampfenbachstrasse,Rathaus,8.91
2022-11-25T23:00:00Z,Zch_Schimmelstrasse,Sihlfeld,9.38
2022-11-25T23:00:00Z,Zch_Rosengartenstrasse,Wipkingen,8.94
2022-11-26T23:00:00Z,Zch_Stampfenbachstrasse,Rathaus,7.17
2022-11-26T23:00:00Z,Zch_Schimmelstrasse,Sihlfeld,7.47
2022-11-26T23:00:00Z,Zch_Rosengartenstrasse,Wipkingen,6.62
2022-11-27T23:00:00Z,Zch_Stampfenbachstrasse,Rathaus,9.57
2022-11-27T23:00:00Z,Zch_Schimmelstrasse,Sihlfeld,10.39
2022-11-27T23:00:00Z,Zch_Rosengartenstrasse,Wipkingen,9.11
2022-11-28T23:00:00Z,Zch_Stampfenbachstrasse,Rathaus,8.68
2022-11-28T23:00:00Z,Zch_Schimmelstrasse,Sihlfeld,8.78
2022-11-28T23:00:00Z,Zch_Rosengartenstrasse,Wipkingen,8.56
2022-11-29T23:00:00Z,Zch_Stampfenbachstrasse,Rathaus,7.15
2022-11-29T23:00:00Z,Zch_Schimmelstrasse,Sihlfeld,6.54
2022-11-29T23:00:00Z,Zch_Rosengartenstrasse,Wipkingen,6.31
2022-11-30T23:00:00Z,Zch_Stampfenbachstrasse,Rathaus,4.5
2022-11-30T23:00:00Z,Zch_Schimmelstrasse,Sihlfeld,4.52
2022-11-30T23:00:00Z,Zch_Rosengartenstrasse,Wipkingen,4.26
2022-12-01T23:00:00Z,Zch_Stampfenbachstrasse,Rathaus,5.49
2022-12-01T23:00:00Z,Zch_Schimmelstrasse,Sihlfeld,5.73
2022-12-01T23:00:00Z,Zch_Rosengartenstrasse,Wipkingen,5.14
2022-12-02T23:00:00Z,Zch_Stampfenbachstrasse,Rathaus,3.15
2022-12-02T23:00:00Z,Zch_Schimmelstrasse,Sihlfeld,3.18
2022-12-02T23:00:00Z,Zch_Rosengartenstrasse,Wipkingen,2.9
2022-12-03T23:00:00Z,Zch_Stampfenbachstrasse,Rathaus,3.39
2022-12-03T23:00:00Z,Zch_Schimmelstrasse,Sihlfeld,3.2
2022-12-03T23:00:00Z,Zch_Rosengartenstrasse,Wipkingen,2.86
2022-12-04T23:00:00Z,Zch_Stampfenbachstrasse,Rathaus,6.54
2022-12-04T23:00:00Z,Zch_Schimmelstrasse,Sihlfeld,6.62
2022-12-04T23:00:00Z,Zch_Rosengartenstrasse,Wipkingen,6.6
2022-12-05T23:00:00Z,Zch_Stampfenbachstrasse,Rathaus,4.29
2022-12-05T23:00:00Z,Zch_Schimmelstrasse,Sihlfeld,3.74
2022-12-05T23:00:00Z,Zch_Rosengartenstrasse,Wipkingen,4.01
2022-12-06T23:00:00Z,Zch_Stampfenbachstrasse,Rathaus,4.29
2022-12-06T23:00:00Z,Zch_Schimmelstrasse,Sihlfeld,4.54
2022-12-06T23:00:00Z,Zch_Rosengartenstrasse,Wipkingen,4.13
2022-12-07T23:00:00Z,Zch_Stampfenbachstrasse,Rathaus,3.83
2022-12-07T23:00:00Z,Zch_Schimmelstrasse,Sihlfeld,4.41
2022-12-07T23:00:00Z,Zch_Rosengartenstrasse,Wipkingen,3.83
2022-12-08T23:00:00Z,Zch_Stampfenbachstrasse,Rathaus,2.35
2022-12-08T23:00:00Z,Zch_Schimmelstrasse,Sihlfeld,2.01
2022-12-08T23:00:00Z,Zch_Rosengartenstrasse,Wipkingen,1.59
2022-12-09T23:00:00Z,Zch_Stampfenbachstrasse,Rathaus,2.19
2022-12-09T23:00:00Z,Zch_Schimmelstrasse,Sihlfeld,1.73
2022-12-09T23:00:00Z,Zch_Rosengartenstrasse,Wipkingen,1.59
2022-12-10T23:00:00Z,Zch_Stampfenbachstrasse,Rathaus,-0.2
2022-12-10T23:00:00Z,Zch_Schimmelstrasse,Sihlfeld,-0.24
2022-12-10T23:00:00Z,Zch_Rosengartenstrasse,Wipkingen,-0.99
2022-12-11T23:00:00Z,Zch_Stampfenbachstrasse,Rathaus,-2.54
2022-12-11T23:00:00Z,Zch_Schimmelstrasse,Sihlfeld,-2.62
2022-12-11T23:00:00Z,Zch_Rosengartenstrasse,Wipkingen,-2.81
2022-12-12T23:00:00Z,Zch_Stampfenbachstrasse,Rathaus,-2.99
2022-12-12T23:00:00Z,Zch_Schimmelstrasse,Sihlfeld,-3.43
2022-12-12T23:00:00Z,Zch_Rosengartenstrasse,Wipkingen,NA
2022-12-13T23:00:00Z,Zch_Stampfenbachstrasse,Rathaus,4.94
2022-12-13T23:00:00Z,Zch_Schimmelstrasse,Sihlfeld,4.96
2022-12-13T23:00:00Z,Zch_Rosengartenstrasse,Wipkingen,NA
2022-12-14T23:00:00Z,Zch_Stampfenbachstrasse,Rathaus,4.24
2022-12-14T23:00:00Z,Zch_Schimmelstrasse,Sihlfeld,4
2022-12-14T23:00:00Z,Zch_Rosengartenstrasse,Wipkingen,3.7
2022-12-15T23:00:00Z,Zch_Stampfenbachstrasse,Rathaus,1.58
2022-12-15T23:00:00Z,Zch_Schimmelstrasse,Sihlfeld,1.07
2022-12-15T23:00:00Z,Zch_Rosengartenstrasse,Wipkingen,0.91
2022-12-16T23:00:00Z,Zch_Stampfenbachstrasse,Rathaus,-0.51
2022-12-16T23:00:00Z,Zch_Schimmelstrasse,Sihlfeld,-0.46
2022-12-16T23:00:00Z,Zch_Rosengartenstrasse,Wipkingen,-0.98
2022-12-17T23:00:00Z,Zch_Stampfenbachstrasse,Rathaus,0.15
2022-12-17T23:00:00Z,Zch_Schimmelstrasse,Sihlfeld,0.03
2022-12-17T23:00:00Z,Zch_Rosengartenstrasse,Wipkingen,-0.04
2022-12-18T23:00:00Z,Zch_Stampfenbachstrasse,Rathaus,5.07
2022-12-18T23:00:00Z,Zch_Schimmelstrasse,Sihlfeld,5.23
2022-12-18T23:00:00Z,Zch_Rosengartenstrasse,Wipkingen,4.17
2022-12-19T23:00:00Z,Zch_Stampfenbachstrasse,Rathaus,9.56
2022-12-19T23:00:00Z,Zch_Schimmelstrasse,Sihlfeld,8.53
2022-12-19T23:00:00Z,Zch_Rosengartenstrasse,Wipkingen,8.09
2022-12-20T23:00:00Z,Zch_Stampfenbachstrasse,Rathaus,10.7
2022-12-20T23:00:00Z,Zch_Schimmelstrasse,Sihlfeld,10.66
2022-12-20T23:00:00Z,Zch_Rosengartenstrasse,Wipkingen,9.32
2022-12-21T23:00:00Z,Zch_Stampfenbachstrasse,Rathaus,12.36
2022-12-21T23:00:00Z,Zch_Schimmelstrasse,Sihlfeld,12.72
2022-12-21T23:00:00Z,Zch_Rosengartenstrasse,Wipkingen,12.22
2022-12-22T23:00:00Z,Zch_Stampfenbachstrasse,Rathaus,13.39
2022-12-22T23:00:00Z,Zch_Schimmelstrasse,Sihlfeld,13.75
2022-12-22T23:00:00Z,Zch_Rosengartenstrasse,Wipkingen,12.98
2022-12-23T23:00:00Z,Zch_Stampfenbachstrasse,Rathaus,12.71
2022-12-23T23:00:00Z,Zch_Schimmelstrasse,Sihlfeld,12.77
2022-12-23T23:00:00Z,Zch_Rosengartenstrasse,Wipkingen,12.27
2022-12-24T23:00:00Z,Zch_Stampfenbachstrasse,Rathaus,9.72
2022-12-24T23:00:00Z,Zch_Schimmelstrasse,Sihlfeld,9.07
2022-12-24T23:00:00Z,Zch_Rosengartenstrasse,Wipkingen,9.56
2022-12-25T23:00:00Z,Zch_Stampfenbachstrasse,Rathaus,11.58
2022-12-25T23:00:00Z,Zch_Schimmelstrasse,Sihlfeld,12.13
2022-12-25T23:00:00Z,Zch_Rosengartenstrasse,Wipkingen,11.17
2022-12-26T23:00:00Z,Zch_Stampfenbachstrasse,Rathaus,8.8
2022-12-26T23:00:00Z,Zch_Schimmelstrasse,Sihlfeld,8.45
2022-12-26T23:00:00Z,Zch_Rosengartenstrasse,Wipkingen,7.97
2022-12-27T23:00:00Z,Zch_Stampfenbachstrasse,Rathaus,9.43
2022-12-27T23:00:00Z,Zch_Schimmelstrasse,Sihlfeld,9.7
2022-12-27T23:00:00Z,Zch_Rosengartenstrasse,Wipkingen,9.3
2022-12-28T23:00:00Z,Zch_Stampfenbachstrasse,Rathaus,11.39
2022-12-28T23:00:00Z,Zch_Schimmelstrasse,Sihlfeld,11.85
2022-12-28T23:00:00Z,Zch_Rosengartenstrasse,Wipkingen,11.54
2022-12-29T23:00:00Z,Zch_Stampfenbachstrasse,Rathaus,11.36
2022-12-29T23:00:00Z,Zch_Schimmelstrasse,Sihlfeld,11.64
2022-12-29T23:00:00Z,Zch_Rosengartenstrasse,Wipkingen,10.25
2022-12-31T23:00:00Z,Zch_Stampfenbachstrasse,Rathaus,14.91
2022-12-31T23:00:00Z,Zch_Schimmelstrasse,Sihlfeld,15.43
2022-12-31T23:00:00Z,Zch_Rosengartenstrasse,Wipkingen,15.38
