quartier,pflanzjahr,tree_count,crown_sum
Albisrieden,1981,1,6
Alt-Wiedikon,1981,1,8
City,1981,8,64
Enge,1981,73,603
Hirslanden,1981,7,66
Hottingen,1981,1,10
Höngg,1981,8,58
Leimbach,1981,1,8
Lindenhof,1981,3,30
Seefeld,1981,4,31
Witikon,1981,1,12
Wollishofen,1981,3,29
Albisrieden,1982,1,4
Enge,1982,46,347
Hirslanden,1982,9,75
Hottingen,1982,3,22
Höngg,1982,31,156
Leimbach,1982,5,42
Lindenhof,1982,1,13
Oerlikon,1982,4,35
Seebach,1982,1,4
Seefeld,1982,10,77
Weinegg,1982,2,21
Witikon,1982,2,12
Wollishofen,1982,7,53
Affoltern,1983,NA,NA
Albisrieden,1983,NA,NA
Alt-Wiedikon,1983,NA,NA
Altstetten,1983,NA,NA
City,1983,1,8
Enge,1983,2,19
Escher Wyss,1983,NA,NA
Fluntern,1983,NA,NA
Friesenberg,1983,NA,NA
Gewerbeschule,1983,NA,NA
Hard,1983,NA,NA
Hirslanden,1983,1,6
Hirzenbach,1983,NA,NA
Hochschulen,1983,NA,NA
Hottingen,1983,NA,NA
Höngg,1983,NA,NA
Langstrasse,1983,NA,NA
Leimbach,1983,NA,NA
Lindenhof,1983,NA,NA
Mühlebach,1983,NA,NA
Oberstrass,1983,NA,NA
Oerlikon,1983,NA,NA
Rathaus,1983,NA,NA
Saatlen,1983,10,55
Schwamendingen-Mitte,1983,NA,NA
Seebach,1983,1,6
Seefeld,1983,NA,NA
Sihlfeld,1983,NA,NA
Unterstrass,1983,NA,NA
Weinegg,1983,NA,NA
Werd,1983,NA,NA
Wipkingen,1983,NA,NA
Witikon,1983,NA,NA
Wollishofen,1983,NA,NA
Affoltern,1984,NA,NA
Albisrieden,1984,NA,NA
Alt-Wiedikon,1984,NA,NA
Altstetten,1984,NA,NA
City,1984,NA,NA
Enge,1984,7,67
Escher Wyss,1984,NA,NA
Fluntern,1984,NA,NA
Friesenberg,1984,8,75
Gewerbeschule,1984,NA,NA
Hard,1984,NA,NA
Hirslanden,1984,1,7
Hirzenbach,1984,1,8
Hochschulen,1984,NA,NA
Hottingen,1984,1,12
Höngg,1984,4,22
Langstrasse,1984,NA,NA
Leimbach,1984,NA,NA
Lindenhof,1984,1,14
Mühlebach,1984,NA,NA
Oberstrass,1984,NA,NA
Oerlikon,1984,NA,NA
Rathaus,1984,NA,NA
Saatlen,1984,NA,NA
Schwamendingen-Mitte,1984,NA,NA
Seebach,1984,NA,NA
Seefeld,1984,1,8
Sihlfeld,1984,1,5
Unterstrass,1984,NA,NA
Weinegg,1984,1,6
Werd,1984,NA,NA
Wipkingen,1984,NA,NA
Witikon,1984,4,18
Wollishofen,1984,1,12
Affoltern,1985,17,116
Albisrieden,1985,27,208
Alt-Wiedikon,1985,23,194
Altstetten,1985,81,931
City,1985,27,242
Enge,1985,119,936
Escher Wyss,1985,39,393
Fluntern,1985,7,51
Friesenberg,1985,103,963
Gewerbeschule,1985,25,115
Hard,1985,22,237
Hirslanden,1985,2,16
Hirzenbach,1985,18,166
Hochschulen,1985,3,24
Hottingen,1985,29,243
Höngg,1985,27,196
Langstrasse,1985,2,17
Leimbach,1985,28,207
Lindenhof,1985,15,152
Mühlebach,1985,8,42
Oberstrass,1985,79,785
Oerlikon,1985,13,103
Rathaus,1985,NA,NA
Saatlen,1985,29,268
Schwamendingen-Mitte,1985,32,220
Seebach,1985,77,644
Seefeld,1985,48,403
Sihlfeld,1985,45,351
Unterstrass,1985,307,2738
Weinegg,1985,17,174
Werd,1985,NA,NA
Wipkingen,1985,8,45
Witikon,1985,43,295
Wollishofen,1985,143,1071
Affoltern,1986,NA,NA
Albisrieden,1986,NA,NA
Alt-Wiedikon,1986,NA,NA
Altstetten,1986,15,199
City,1986,31,273
Enge,1986,22,159
Escher Wyss,1986,NA,NA
Fluntern,1986,NA,NA
Friesenberg,1986,NA,NA
Gewerbeschule,1986,NA,NA
Hard,1986,NA,NA
Hirslanden,1986,1,9
Hirzenbach,1986,NA,NA
Hochschulen,1986,6,42
Hottingen,1986,1,7
Höngg,1986,4,21
Langstrasse,1986,NA,NA
Leimbach,1986,NA,NA
Lindenhof,1986,NA,NA
Mühlebach,1986,NA,NA
Oberstrass,1986,NA,NA
Oerlikon,1986,NA,NA
Rathaus,1986,NA,NA
Saatlen,1986,NA,NA
Schwamendingen-Mitte,1986,57,561
Seebach,1986,NA,NA
Seefeld,1986,5,32
Sihlfeld,1986,1,4
Unterstrass,1986,NA,NA
Weinegg,1986,30,237
Werd,1986,NA,NA
Wipkingen,1986,NA,NA
Witikon,1986,5,28
Wollishofen,1986,11,80
Affoltern,1987,NA,NA
Albisrieden,1987,NA,NA
Alt-Wiedikon,1987,NA,NA
Altstetten,1987,NA,NA
City,1987,NA,NA
Enge,1987,28,180
Escher Wyss,1987,NA,NA
Fluntern,1987,NA,NA
Friesenberg,1987,1,7
Gewerbeschule,1987,NA,NA
Hard,1987,NA,NA
Hirslanden,1987,NA,NA
Hirzenbach,1987,1,6
Hochschulen,1987,NA,NA
Hottingen,1987,NA,NA
Höngg,1987,2,12
Langstrasse,1987,NA,NA
Leimbach,1987,7,54
Lindenhof,1987,2,14
Mühlebach,1987,NA,NA
Oberstrass,1987,NA,NA
Oerlikon,1987,20,166
Rathaus,1987,NA,NA
Saatlen,1987,NA,NA
Schwamendingen-Mitte,1987,NA,NA
Seebach,1987,NA,NA
Seefeld,1987,1,10
Sihlfeld,1987,NA,NA
Unterstrass,1987,NA,NA
Weinegg,1987,1,5
Werd,1987,NA,NA
Wipkingen,1987,NA,NA
Witikon,1987,1,3
Wollishofen,1987,5,41
Affoltern,1988,NA,NA
Albisrieden,1988,2,9
Alt-Wiedikon,1988,10,80
Altstetten,1988,NA,NA
City,1988,3,27
Enge,1988,16,117
Escher Wyss,1988,NA,NA
Fluntern,1988,NA,NA
Friesenberg,1988,1,8
Gewerbeschule,1988,NA,NA
Hard,1988,NA,NA
Hirslanden,1988,2,16
Hirzenbach,1988,NA,NA
Hochschulen,1988,6,38
Hottingen,1988,3,18
Höngg,1988,10,34
Langstrasse,1988,NA,NA
Leimbach,1988,2,12
Lindenhof,1988,1,8
Mühlebach,1988,NA,NA
Oberstrass,1988,1,11
Oerlikon,1988,16,156
Rathaus,1988,NA,NA
Saatlen,1988,NA,NA
Schwamendingen-Mitte,1988,1,8
Seebach,1988,NA,NA
Seefeld,1988,15,140
Sihlfeld,1988,1,5
Unterstrass,1988,1,14
Weinegg,1988,1,6
Werd,1988,NA,NA
Wipkingen,1988,NA,NA
Witikon,1988,9,47
Wollishofen,1988,2,16
Affoltern,1989,NA,NA
Albisrieden,1989,NA,NA
Alt-Wiedikon,1989,NA,NA
Altstetten,1989,NA,NA
City,1989,1,12
Enge,1989,22,67
Escher Wyss,1989,NA,NA
Fluntern,1989,2,13
Friesenberg,1989,NA,NA
Gewerbeschule,1989,NA,NA
Hard,1989,NA,NA
Hirslanden,1989,2,20
Hirzenbach,1989,NA,NA
Hochschulen,1989,NA,NA
Hottingen,1989,2,17
Höngg,1989,4,20
Langstrasse,1989,1,6
Leimbach,1989,1,3
Lindenhof,1989,3,36
Mühlebach,1989,1,3
Oberstrass,1989,NA,NA
Oerlikon,1989,NA,NA
Rathaus,1989,NA,NA
Saatlen,1989,NA,NA
Schwamendingen-Mitte,1989,NA,NA
Seebach,1989,NA,NA
Seefeld,1989,11,74
Sihlfeld,1989,NA,NA
Unterstrass,1989,6,55
Weinegg,1989,21,163
Werd,1989,NA,NA
Wipkingen,1989,NA,NA
Witikon,1989,NA,NA
Wollishofen,1989,1,6
Affoltern,1990,110,924
Albisrieden,1990,75,546
Alt-Wiedikon,1990,145,957
Altstetten,1990,150,1267
City,1990,93,882
Enge,1990,214,1230
Escher Wyss,1990,42,431
Fluntern,1990,19,131
Friesenberg,1990,215,1824
Gewerbeschule,1990,35,253
Hard,1990,108,944
Hirslanden,1990,10,105
Hirzenbach,1990,56,460
Hochschulen,1990,9,96
Hottingen,1990,33,275
Höngg,1990,211,1806
Langstrasse,1990,30,214
Leimbach,1990,29,255
Lindenhof,1990,20,172
Mühlebach,1990,21,137
Oberstrass,1990,193,1806
Oerlikon,1990,46,386
Rathaus,1990,3,21
Saatlen,1990,41,370
Schwamendingen-Mitte,1990,65,413
Seebach,1990,158,1075
Seefeld,1990,61,535
Sihlfeld,1990,135,1119
Unterstrass,1990,435,3666
Weinegg,1990,79,542
Werd,1990,5,52
Wipkingen,1990,55,464
Witikon,1990,125,993
Wollishofen,1990,193,1318
Affoltern,1991,NA,NA
Albisrieden,1991,2,9
Alt-Wiedikon,1991,NA,NA
Altstetten,1991,3,23
City,1991,4,28
Enge,1991,19,128
Escher Wyss,1991,NA,NA
Fluntern,1991,4,37
Friesenberg,1991,6,35
Gewerbeschule,1991,NA,NA
Hard,1991,NA,NA
Hirslanden,1991,6,50
Hirzenbach,1991,NA,NA
Hochschulen,1991,2,7
Hottingen,1991,6,54
Höngg,1991,5,25
Langstrasse,1991,3,23
Leimbach,1991,1,6
Lindenhof,1991,10,99
Mühlebach,1991,NA,NA
Oberstrass,1991,7,56
Oerlikon,1991,16,111
Rathaus,1991,14,110
Saatlen,1991,NA,NA
Schwamendingen-Mitte,1991,NA,NA
Seebach,1991,NA,NA
Seefeld,1991,10,87
Sihlfeld,1991,3,24
Unterstrass,1991,24,249
Weinegg,1991,1,8
Werd,1991,NA,NA
Wipkingen,1991,19,152
Witikon,1991,12,57
Wollishofen,1991,18,136
Affoltern,1992,NA,NA
Albisrieden,1992,1,10
Alt-Wiedikon,1992,NA,NA
Altstetten,1992,19,187
City,1992,2,18
Enge,1992,20,144
Escher Wyss,1992,NA,NA
Fluntern,1992,9,69
Friesenberg,1992,2,15
Gewerbeschule,1992,NA,NA
Hard,1992,1,8
Hirslanden,1992,4,32
Hirzenbach,1992,10,72
Hochschulen,1992,NA,NA
Hottingen,1992,10,71
Höngg,1992,1,3
Langstrasse,1992,NA,NA
Leimbach,1992,10,56
Lindenhof,1992,3,27
Mühlebach,1992,47,348
Oberstrass,1992,13,96
Oerlikon,1992,2,16
Rathaus,1992,2,19
Saatlen,1992,NA,NA
Schwamendingen-Mitte,1992,2,17
Seebach,1992,NA,NA
Seefeld,1992,10,74
Sihlfeld,1992,NA,NA
Unterstrass,1992,1,3
Weinegg,1992,8,58
Werd,1992,NA,NA
Wipkingen,1992,NA,NA
Witikon,1992,7,48
Wollishofen,1992,13,94
Affoltern,1993,1,7
Albisrieden,1993,NA,NA
Alt-Wiedikon,1993,NA,NA
Altstetten,1993,2,16
City,1993,13,173
Enge,1993,1,8
Escher Wyss,1993,NA,NA
Fluntern,1993,17,94
Friesenberg,1993,5,40
Gewerbeschule,1993,NA,NA
Hard,1993,NA,NA
Hirslanden,1993,1,8
Hirzenbach,1993,NA,NA
Hochschulen,1993,NA,NA
Hottingen,1993,1,7
Höngg,1993,3,11
Langstrasse,1993,NA,NA
Leimbach,1993,NA,NA
Lindenhof,1993,1,7
Mühlebach,1993,8,40
Oberstrass,1993,2,16
Oerlikon,1993,7,51
Rathaus,1993,2,16
Saatlen,1993,NA,NA
Schwamendingen-Mitte,1993,1,6
Seebach,1993,NA,NA
Seefeld,1993,3,24
Sihlfeld,1993,NA,NA
Unterstrass,1993,NA,NA
Weinegg,1993,12,84
Werd,1993,NA,NA
Wipkingen,1993,NA,NA
Witikon,1993,2,15
Wollishofen,1993,1,12
Affoltern,1994,NA,NA
Albisrieden,1994,NA,NA
Alt-Wiedikon,1994,NA,NA
Altstetten,1994,1,6
City,1994,3,22
Enge,1994,1,8
Escher Wyss,1994,NA,NA
Fluntern,1994,4,27
Friesenberg,1994,NA,NA
Gewerbeschule,1994,NA,NA
Hard,1994,NA,NA
Hirslanden,1994,NA,NA
Hirzenbach,1994,13,99
Hochschulen,1994,NA,NA
Hottingen,1994,1,8
Höngg,1994,70,517
Langstrasse,1994,NA,NA
Leimbach,1994,4,24
Lindenhof,1994,2,14
Mühlebach,1994,6,31
Oberstrass,1994,6,50
Oerlikon,1994,7,44
Rathaus,1994,NA,NA
Saatlen,1994,1,4
Schwamendingen-Mitte,1994,27,215
Seebach,1994,1,7
Seefeld,1994,28,208
Sihlfeld,1994,NA,NA
Unterstrass,1994,NA,NA
Weinegg,1994,1,5
Werd,1994,1,6
Wipkingen,1994,1,8
Witikon,1994,15,74
Wollishofen,1994,2,8
Affoltern,1995,32,231
Albisrieden,1995,65,400
Alt-Wiedikon,1995,11,86
Altstetten,1995,133,918
City,1995,65,540
Enge,1995,148,874
Escher Wyss,1995,25,203
Fluntern,1995,10,61
Friesenberg,1995,93,629
Gewerbeschule,1995,28,154
Hard,1995,14,95
Hirslanden,1995,7,52
Hirzenbach,1995,35,248
Hochschulen,1995,2,18
Hottingen,1995,32,234
Höngg,1995,48,356
Langstrasse,1995,4,35
Leimbach,1995,32,191
Lindenhof,1995,27,235
Mühlebach,1995,15,99
Oberstrass,1995,182,1539
Oerlikon,1995,19,120
Rathaus,1995,2,14
Saatlen,1995,51,358
Schwamendingen-Mitte,1995,54,401
Seebach,1995,136,999
Seefeld,1995,34,260
Sihlfeld,1995,97,651
Unterstrass,1995,277,2203
Weinegg,1995,113,739
Werd,1995,NA,NA
Wipkingen,1995,9,68
Witikon,1995,60,362
Wollishofen,1995,159,1093
Affoltern,1996,3,19
Albisrieden,1996,5,26
Alt-Wiedikon,1996,2,14
Altstetten,1996,13,82
City,1996,4,27
Enge,1996,13,106
Escher Wyss,1996,NA,NA
Fluntern,1996,4,28
Friesenberg,1996,2,13
Gewerbeschule,1996,NA,NA
Hard,1996,7,42
Hirslanden,1996,4,24
Hirzenbach,1996,27,215
Hochschulen,1996,NA,NA
Hottingen,1996,2,12
Höngg,1996,2,6
Langstrasse,1996,NA,NA
Leimbach,1996,NA,NA
Lindenhof,1996,2,13
Mühlebach,1996,1,5
Oberstrass,1996,1,8
Oerlikon,1996,9,65
Rathaus,1996,NA,NA
Saatlen,1996,1,4
Schwamendingen-Mitte,1996,16,128
Seebach,1996,4,25
Seefeld,1996,9,70
Sihlfeld,1996,3,17
Unterstrass,1996,NA,NA
Weinegg,1996,3,21
Werd,1996,NA,NA
Wipkingen,1996,10,63
Witikon,1996,17,117
Wollishofen,1996,6,32
Affoltern,1997,1,5
Albisrieden,1997,12,90
Alt-Wiedikon,1997,NA,NA
Altstetten,1997,11,58
City,1997,NA,NA
Enge,1997,16,110
Escher Wyss,1997,NA,NA
Fluntern,1997,7,51
Friesenberg,1997,NA,NA
Gewerbeschule,1997,15,117
Hard,1997,2,16
Hirslanden,1997,NA,NA
Hirzenbach,1997,4,23
Hochschulen,1997,2,15
Hottingen,1997,9,72
Höngg,1997,32,176
Langstrasse,1997,NA,NA
Leimbach,1997,1,6
Lindenhof,1997,1,7
Mühlebach,1997,7,38
Oberstrass,1997,9,88
Oerlikon,1997,10,62
Rathaus,1997,1,6
Saatlen,1997,NA,NA
Schwamendingen-Mitte,1997,3,21
Seebach,1997,6,41
Seefeld,1997,7,61
Sihlfeld,1997,3,24
Unterstrass,1997,8,49
Weinegg,1997,3,13
Werd,1997,8,64
Wipkingen,1997,3,26
Witikon,1997,10,47
Wollishofen,1997,5,41
Affoltern,1998,NA,NA
Albisrieden,1998,4,18
Alt-Wiedikon,1998,NA,NA
Altstetten,1998,2,14
City,1998,9,61
Enge,1998,35,254
Escher Wyss,1998,NA,NA
Fluntern,1998,9,66
Friesenberg,1998,10,60
Gewerbeschule,1998,15,120
Hard,1998,NA,NA
Hirslanden,1998,1,8
Hirzenbach,1998,3,22
Hochschulen,1998,NA,NA
Hottingen,1998,13,75
Höngg,1998,13,35
Langstrasse,1998,8,56
Leimbach,1998,3,22
Lindenhof,1998,25,194
Mühlebach,1998,4,34
Oberstrass,1998,5,31
Oerlikon,1998,6,42
Rathaus,1998,1,5
Saatlen,1998,15,99
Schwamendingen-Mitte,1998,10,54
Seebach,1998,2,12
Seefeld,1998,54,262
Sihlfeld,1998,3,19
Unterstrass,1998,12,57
Weinegg,1998,48,351
Werd,1998,NA,NA
Wipkingen,1998,13,89
Witikon,1998,20,112
Wollishofen,1998,28,171
Affoltern,1999,NA,NA
Albisrieden,1999,1,6
Alt-Wiedikon,1999,1,5
Altstetten,1999,NA,NA
City,1999,NA,NA
Enge,1999,3,21
Escher Wyss,1999,NA,NA
Fluntern,1999,5,32
Friesenberg,1999,2,14
Gewerbeschule,1999,NA,NA
Hard,1999,NA,NA
Hirslanden,1999,NA,NA
Hirzenbach,1999,2,10
Hochschulen,1999,1,8
Hottingen,1999,1,10
Höngg,1999,9,44
Langstrasse,1999,NA,NA
Leimbach,1999,7,50
Lindenhof,1999,NA,NA
Mühlebach,1999,1,8
Oberstrass,1999,5,30
Oerlikon,1999,6,28
Rathaus,1999,2,16
Saatlen,1999,NA,NA
Schwamendingen-Mitte,1999,NA,NA
Seebach,1999,5,42
Seefeld,1999,9,83
Sihlfeld,1999,3,17
Unterstrass,1999,13,80
Weinegg,1999,7,46
Werd,1999,NA,NA
Wipkingen,1999,30,286
Witikon,1999,NA,NA
Wollishofen,1999,3,18
Affoltern,2000,131,930
Albisrieden,2000,93,556
Alt-Wiedikon,2000,31,206
Altstetten,2000,341,2567
City,2000,25,191
Enge,2000,124,726
Escher Wyss,2000,36,252
Fluntern,2000,24,169
Friesenberg,2000,167,1152
Gewerbeschule,2000,36,218
Hard,2000,83,500
Hirslanden,2000,143,1113
Hirzenbach,2000,89,650
Hochschulen,2000,58,456
Hottingen,2000,75,461
Höngg,2000,400,2925
Langstrasse,2000,16,110
Leimbach,2000,117,879
Lindenhof,2000,11,66
Mühlebach,2000,23,138
Oberstrass,2000,195,1334
Oerlikon,2000,94,433
Rathaus,2000,3,18
Saatlen,2000,49,344
Schwamendingen-Mitte,2000,67,511
Seebach,2000,176,1133
Seefeld,2000,57,332
Sihlfeld,2000,109,685
Unterstrass,2000,257,1761
Weinegg,2000,220,1622
Werd,2000,142,559
Wipkingen,2000,19,117
Witikon,2000,169,1253
Wollishofen,2000,182,1118
Affoltern,2001,NA,NA
Albisrieden,2001,NA,NA
Alt-Wiedikon,2001,2,10
Altstetten,2001,1,6
City,2001,15,99
Enge,2001,337,734
Escher Wyss,2001,NA,NA
Fluntern,2001,NA,NA
Friesenberg,2001,3,11
Gewerbeschule,2001,NA,NA
Hard,2001,NA,NA
Hirslanden,2001,NA,NA
Hirzenbach,2001,4,26
Hochschulen,2001,NA,NA
Hottingen,2001,3,13
Höngg,2001,28,134
Langstrasse,2001,NA,NA
Leimbach,2001,3,15
Lindenhof,2001,1,6
Mühlebach,2001,4,24
Oberstrass,2001,NA,NA
Oerlikon,2001,4,24
Rathaus,2001,NA,NA
Saatlen,2001,NA,NA
Schwamendingen-Mitte,2001,12,63
Seebach,2001,13,41
Seefeld,2001,7,35
Sihlfeld,2001,3,30
Unterstrass,2001,NA,NA
Weinegg,2001,16,92
Werd,2001,NA,NA
Wipkingen,2001,6,36
Witikon,2001,6,26
Wollishofen,2001,19,85
Affoltern,2002,NA,NA
Albisrieden,2002,4,21
Alt-Wiedikon,2002,12,57
Altstetten,2002,19,124
City,2002,10,79
Enge,2002,52,262
Escher Wyss,2002,NA,NA
Fluntern,2002,1,6
Friesenberg,2002,9,43
Gewerbeschule,2002,NA,NA
Hard,2002,1,5
Hirslanden,2002,NA,NA
Hirzenbach,2002,13,92
Hochschulen,2002,NA,NA
Hottingen,2002,3,16
Höngg,2002,18,80
Langstrasse,2002,2,16
Leimbach,2002,5,31
Lindenhof,2002,1,8
Mühlebach,2002,NA,NA
Oberstrass,2002,NA,NA
Oerlikon,2002,8,45
Rathaus,2002,NA,NA
Saatlen,2002,5,27
Schwamendingen-Mitte,2002,19,106
Seebach,2002,NA,NA
Seefeld,2002,4,24
Sihlfeld,2002,2,12
Unterstrass,2002,9,62
Weinegg,2002,5,31
Werd,2002,NA,NA
Wipkingen,2002,4,23
Witikon,2002,19,79
Wollishofen,2002,43,202
Affoltern,2003,3,19
Albisrieden,2003,NA,NA
Alt-Wiedikon,2003,12,89
Altstetten,2003,39,162
City,2003,1,7
Enge,2003,38,193
Escher Wyss,2003,NA,NA
Fluntern,2003,1,6
Friesenberg,2003,10,58
Gewerbeschule,2003,NA,NA
Hard,2003,4,19
Hirslanden,2003,2,17
Hirzenbach,2003,23,107
Hochschulen,2003,1,4
Hottingen,2003,13,76
Höngg,2003,18,82
Langstrasse,2003,9,46
Leimbach,2003,65,337
Lindenhof,2003,1,10
Mühlebach,2003,NA,NA
Oberstrass,2003,NA,NA
Oerlikon,2003,48,237
Rathaus,2003,NA,NA
Saatlen,2003,8,33
Schwamendingen-Mitte,2003,31,156
Seebach,2003,19,148
Seefeld,2003,3,12
Sihlfeld,2003,8,48
Unterstrass,2003,3,15
Weinegg,2003,18,110
Werd,2003,1,5
Wipkingen,2003,7,33
Witikon,2003,5,38
Wollishofen,2003,69,367
Affoltern,2004,23,105
Albisrieden,2004,55,293
Alt-Wiedikon,2004,28,170
Altstetten,2004,97,471
City,2004,3,16
Enge,2004,22,110
Escher Wyss,2004,3,13
Fluntern,2004,13,65
Friesenberg,2004,21,118
Gewerbeschule,2004,18,89
Hard,2004,11,71
Hirslanden,2004,14,101
Hirzenbach,2004,18,70
Hochschulen,2004,NA,NA
Hottingen,2004,28,204
Höngg,2004,16,62
Langstrasse,2004,12,72
Leimbach,2004,9,72
Lindenhof,2004,16,111
Mühlebach,2004,4,24
Oberstrass,2004,1,7
Oerlikon,2004,149,815
Rathaus,2004,4,18
Saatlen,2004,20,112
Schwamendingen-Mitte,2004,36,173
Seebach,2004,48,285
Seefeld,2004,32,186
Sihlfeld,2004,40,255
Unterstrass,2004,46,261
Weinegg,2004,31,183
Werd,2004,2,6
Wipkingen,2004,23,147
Witikon,2004,98,379
Wollishofen,2004,52,203
Affoltern,2005,47,261
Albisrieden,2005,48,288
Alt-Wiedikon,2005,22,107
Altstetten,2005,86,446
City,2005,51,344
Enge,2005,89,431
Escher Wyss,2005,86,379
Fluntern,2005,15,80
Friesenberg,2005,78,452
Gewerbeschule,2005,51,230
Hard,2005,18,88
Hirslanden,2005,26,179
Hirzenbach,2005,81,456
Hochschulen,2005,3,14
Hottingen,2005,23,110
Höngg,2005,97,602
Langstrasse,2005,16,70
Leimbach,2005,68,450
Lindenhof,2005,8,40
Mühlebach,2005,24,167
Oberstrass,2005,124,777
Oerlikon,2005,594,2516
Rathaus,2005,2,18
Saatlen,2005,46,206
Schwamendingen-Mitte,2005,91,474
Seebach,2005,147,674
Seefeld,2005,33,204
Sihlfeld,2005,121,668
Unterstrass,2005,158,910
Weinegg,2005,41,204
Werd,2005,8,24
Wipkingen,2005,42,207
Witikon,2005,47,244
Wollishofen,2005,192,1149
Affoltern,2006,13,59
Albisrieden,2006,18,93
Alt-Wiedikon,2006,86,356
Altstetten,2006,53,263
City,2006,38,235
Enge,2006,30,183
Escher Wyss,2006,8,42
Fluntern,2006,103,717
Friesenberg,2006,32,180
Gewerbeschule,2006,12,53
Hard,2006,20,112
Hirslanden,2006,18,75
Hirzenbach,2006,37,187
Hochschulen,2006,NA,NA
Hottingen,2006,17,82
Höngg,2006,20,91
Langstrasse,2006,33,187
Leimbach,2006,98,726
Lindenhof,2006,NA,NA
Mühlebach,2006,NA,NA
Oberstrass,2006,NA,NA
Oerlikon,2006,99,438
Rathaus,2006,8,44
Saatlen,2006,37,117
Schwamendingen-Mitte,2006,53,260
Seebach,2006,108,546
Seefeld,2006,54,311
Sihlfeld,2006,88,550
Unterstrass,2006,60,325
Weinegg,2006,82,551
Werd,2006,9,29
Wipkingen,2006,32,157
Witikon,2006,51,211
Wollishofen,2006,53,265
Affoltern,2007,55,302
Albisrieden,2007,42,239
Alt-Wiedikon,2007,45,225
Altstetten,2007,56,304
City,2007,5,33
Enge,2007,87,428
Escher Wyss,2007,NA,NA
Fluntern,2007,15,69
Friesenberg,2007,14,83
Gewerbeschule,2007,39,219
Hard,2007,27,129
Hirslanden,2007,10,65
Hirzenbach,2007,5,18
Hochschulen,2007,1,5
Hottingen,2007,18,84
Höngg,2007,117,434
Langstrasse,2007,23,95
Leimbach,2007,7,46
Lindenhof,2007,5,44
Mühlebach,2007,2,11
Oberstrass,2007,21,114
Oerlikon,2007,144,641
Rathaus,2007,17,99
Saatlen,2007,25,110
Schwamendingen-Mitte,2007,17,70
Seebach,2007,183,857
Seefeld,2007,53,270
Sihlfeld,2007,22,127
Unterstrass,2007,100,558
Weinegg,2007,14,66
Werd,2007,3,12
Wipkingen,2007,23,112
Witikon,2007,5,21
Wollishofen,2007,47,276
Affoltern,2008,93,561
Albisrieden,2008,34,197
Alt-Wiedikon,2008,9,52
Altstetten,2008,35,142
City,2008,9,54
Enge,2008,44,168
Escher Wyss,2008,18,56
Fluntern,2008,9,46
Friesenberg,2008,79,437
Gewerbeschule,2008,12,56
Hard,2008,76,323
Hirslanden,2008,7,37
Hirzenbach,2008,93,508
Hochschulen,2008,4,25
Hottingen,2008,32,135
Höngg,2008,33,164
Langstrasse,2008,10,52
Leimbach,2008,16,93
Lindenhof,2008,6,32
Mühlebach,2008,9,18
Oberstrass,2008,18,100
Oerlikon,2008,41,172
Rathaus,2008,7,28
Saatlen,2008,97,450
Schwamendingen-Mitte,2008,34,203
Seebach,2008,267,882
Seefeld,2008,77,432
Sihlfeld,2008,42,218
Unterstrass,2008,63,299
Weinegg,2008,9,61
Werd,2008,13,82
Wipkingen,2008,12,49
Witikon,2008,16,91
Wollishofen,2008,100,485
Affoltern,2009,85,424
Albisrieden,2009,41,217
Alt-Wiedikon,2009,24,111
Altstetten,2009,99,586
City,2009,8,29
Enge,2009,10,34
Escher Wyss,2009,3,14
Fluntern,2009,4,19
Friesenberg,2009,51,254
Gewerbeschule,2009,20,88
Hard,2009,9,41
Hirslanden,2009,2,8
Hirzenbach,2009,16,110
Hochschulen,2009,4,23
Hottingen,2009,13,47
Höngg,2009,22,86
Langstrasse,2009,44,219
Leimbach,2009,145,1055
Lindenhof,2009,3,15
Mühlebach,2009,1,5
Oberstrass,2009,8,55
Oerlikon,2009,46,181
Rathaus,2009,1,6
Saatlen,2009,10,29
Schwamendingen-Mitte,2009,27,127
Seebach,2009,111,479
Seefeld,2009,7,36
Sihlfeld,2009,27,164
Unterstrass,2009,27,128
Weinegg,2009,8,50
Werd,2009,19,95
Wipkingen,2009,14,60
Witikon,2009,8,28
Wollishofen,2009,62,201
Affoltern,2010,40,176
Albisrieden,2010,28,164
Alt-Wiedikon,2010,58,153
Altstetten,2010,202,1032
City,2010,3,16
Enge,2010,33,191
Escher Wyss,2010,156,551
Fluntern,2010,21,84
Friesenberg,2010,119,603
Gewerbeschule,2010,29,131
Hard,2010,128,595
Hirslanden,2010,10,42
Hirzenbach,2010,115,542
Hochschulen,2010,1,5
Hottingen,2010,49,290
Höngg,2010,53,263
Langstrasse,2010,12,54
Leimbach,2010,91,402
Lindenhof,2010,4,22
Mühlebach,2010,29,161
Oberstrass,2010,64,336
Oerlikon,2010,95,383
Rathaus,2010,6,23
Saatlen,2010,28,121
Schwamendingen-Mitte,2010,94,386
Seebach,2010,37,205
Seefeld,2010,28,118
Sihlfeld,2010,32,135
Unterstrass,2010,64,320
Weinegg,2010,59,263
Werd,2010,NA,NA
Wipkingen,2010,20,88
Witikon,2010,19,95
Wollishofen,2010,393,1612
Affoltern,2011,281,1468
Albisrieden,2011,13,73
Alt-Wiedikon,2011,72,303
Altstetten,2011,145,670
City,2011,3,16
Enge,2011,17,83
Escher Wyss,2011,133,412
Fluntern,2011,16,56
Friesenberg,2011,31,146
Gewerbeschule,2011,9,41
Hard,2011,34,144
Hirslanden,2011,NA,NA
Hirzenbach,2011,36,252
Hochschulen,2011,15,49
Hottingen,2011,11,38
Höngg,2011,109,255
Langstrasse,2011,28,153
Leimbach,2011,10,29
Lindenhof,2011,2,11
Mühlebach,2011,16,76
Oberstrass,2011,3,10
Oerlikon,2011,22,87
Rathaus,2011,2,7
Saatlen,2011,25,89
Schwamendingen-Mitte,2011,43,226
Seebach,2011,71,286
Seefeld,2011,24,107
Sihlfeld,2011,103,539
Unterstrass,2011,24,115
Weinegg,2011,28,115
Werd,2011,4,22
Wipkingen,2011,5,18
Witikon,2011,16,82
Wollishofen,2011,129,430
Affoltern,2012,66,371
Albisrieden,2012,57,245
Alt-Wiedikon,2012,23,44
Altstetten,2012,8,44
City,2012,1,3
Enge,2012,38,191
Escher Wyss,2012,5,20
Fluntern,2012,3,11
Friesenberg,2012,27,105
Gewerbeschule,2012,34,135
Hard,2012,253,977
Hirslanden,2012,NA,NA
Hirzenbach,2012,1,5
Hochschulen,2012,1,5
Hottingen,2012,NA,NA
Höngg,2012,8,30
Langstrasse,2012,17,75
Leimbach,2012,40,100
Lindenhof,2012,NA,NA
Mühlebach,2012,2,7
Oberstrass,2012,8,35
Oerlikon,2012,9,28
Rathaus,2012,1,6
Saatlen,2012,3,8
Schwamendingen-Mitte,2012,15,67
Seebach,2012,24,102
Seefeld,2012,10,39
Sihlfeld,2012,41,174
Unterstrass,2012,28,98
Weinegg,2012,37,227
Werd,2012,10,30
Wipkingen,2012,34,131
Witikon,2012,1,3
Wollishofen,2012,122,376
Affoltern,2013,68,326
Albisrieden,2013,52,221
Alt-Wiedikon,2013,31,115
Altstetten,2013,127,670
City,2013,NA,NA
Enge,2013,15,52
Escher Wyss,2013,9,28
Fluntern,2013,4,16
Friesenberg,2013,42,180
Gewerbeschule,2013,9,37
Hard,2013,29,153
Hirslanden,2013,11,44
Hirzenbach,2013,10,22
Hochschulen,2013,52,294
Hottingen,2013,8,21
Höngg,2013,39,258
Langstrasse,2013,33,151
Leimbach,2013,79,169
Lindenhof,2013,1,5
Mühlebach,2013,NA,NA
Oberstrass,2013,5,20
Oerlikon,2013,42,156
Rathaus,2013,1,4
Saatlen,2013,3,19
Schwamendingen-Mitte,2013,11,50
Seebach,2013,50,280
Seefeld,2013,NA,NA
Sihlfeld,2013,60,311
Unterstrass,2013,24,98
Weinegg,2013,28,189
Werd,2013,4,15
Wipkingen,2013,19,84
Witikon,2013,13,54
Wollishofen,2013,68,185
Affoltern,2014,35,143
Albisrieden,2014,15,101
Alt-Wiedikon,2014,36,158
Altstetten,2014,30,107
City,2014,4,16
Enge,2014,37,239
Escher Wyss,2014,50,147
Fluntern,2014,2,8
Friesenberg,2014,63,214
Gewerbeschule,2014,81,439
Hard,2014,30,126
Hirslanden,2014,1,4
Hirzenbach,2014,4,25
Hochschulen,2014,3,13
Hottingen,2014,2,11
Höngg,2014,30,125
Langstrasse,2014,39,183
Leimbach,2014,6,15
Lindenhof,2014,9,38
Mühlebach,2014,NA,NA
Oberstrass,2014,NA,NA
Oerlikon,2014,32,105
Rathaus,2014,1,3
Saatlen,2014,1,4
Schwamendingen-Mitte,2014,2,13
Seebach,2014,20,83
Seefeld,2014,24,107
Sihlfeld,2014,24,104
Unterstrass,2014,39,154
Weinegg,2014,21,135
Werd,2014,11,37
Wipkingen,2014,6,22
Witikon,2014,19,53
Wollishofen,2014,38,127
Affoltern,2015,49,240
Albisrieden,2015,15,56
Alt-Wiedikon,2015,98,312
Altstetten,2015,142,432
City,2015,2,11
Enge,2015,26,105
Escher Wyss,2015,120,439
Fluntern,2015,32,114
Friesenberg,2015,101,459
Gewerbeschule,2015,34,134
Hard,2015,37,132
Hirslanden,2015,24,99
Hirzenbach,2015,26,142
Hochschulen,2015,2,6
Hottingen,2015,14,59
Höngg,2015,50,167
Langstrasse,2015,51,157
Leimbach,2015,44,123
Lindenhof,2015,120,489
Mühlebach,2015,2,7
Oberstrass,2015,43,140
Oerlikon,2015,77,240
Rathaus,2015,1,3
Saatlen,2015,28,107
Schwamendingen-Mitte,2015,44,181
Seebach,2015,26,109
Seefeld,2015,6,25
Sihlfeld,2015,172,525
Unterstrass,2015,126,406
Weinegg,2015,21,70
Werd,2015,1,3
Wipkingen,2015,60,233
Witikon,2015,11,33
Wollishofen,2015,50,107
Affoltern,2016,45,183
Albisrieden,2016,28,129
Alt-Wiedikon,2016,13,33
Altstetten,2016,85,380
City,2016,15,70
Enge,2016,51,179
Escher Wyss,2016,13,28
Fluntern,2016,72,223
Friesenberg,2016,97,372
Gewerbeschule,2016,7,22
Hard,2016,25,61
Hirslanden,2016,55,192
Hirzenbach,2016,23,94
Hochschulen,2016,1,3
Hottingen,2016,37,271
Höngg,2016,50,233
Langstrasse,2016,28,102
Leimbach,2016,56,176
Lindenhof,2016,1,5
Mühlebach,2016,7,21
Oberstrass,2016,51,171
Oerlikon,2016,24,50
Rathaus,2016,3,11
Saatlen,2016,4,19
Schwamendingen-Mitte,2016,16,71
Seebach,2016,39,225
Seefeld,2016,5,15
Sihlfeld,2016,29,111
Unterstrass,2016,76,264
Weinegg,2016,30,90
Werd,2016,1,3
Wipkingen,2016,20,65
Witikon,2016,34,222
Wollishofen,2016,109,285
Affoltern,2017,44,176
Albisrieden,2017,30,170
Alt-Wiedikon,2017,23,55
Altstetten,2017,46,213
City,2017,9,22
Enge,2017,41,165
Escher Wyss,2017,5,11
Fluntern,2017,12,36
Friesenberg,2017,53,213
Gewerbeschule,2017,15,41
Hard,2017,138,447
Hirslanden,2017,3,9
Hirzenbach,2017,7,29
Hochschulen,2017,NA,NA
Hottingen,2017,17,62
Höngg,2017,61,302
Langstrasse,2017,35,97
Leimbach,2017,4,6
Lindenhof,2017,2,6
Mühlebach,2017,1,3
Oberstrass,2017,39,206
Oerlikon,2017,50,182
Rathaus,2017,5,17
Saatlen,2017,3,9
Schwamendingen-Mitte,2017,19,54
Seebach,2017,53,227
Seefeld,2017,7,18
Sihlfeld,2017,47,138
Unterstrass,2017,76,223
Weinegg,2017,6,16
Werd,2017,5,10
Wipkingen,2017,24,62
Witikon,2017,5,34
Wollishofen,2017,81,256
Affoltern,2018,72,163
Albisrieden,2018,19,82
Alt-Wiedikon,2018,33,92
Altstetten,2018,37,154
City,2018,NA,NA
Enge,2018,112,364
Escher Wyss,2018,3,6
Fluntern,2018,8,23
Friesenberg,2018,30,105
Gewerbeschule,2018,15,52
Hard,2018,8,27
Hirslanden,2018,1,8
Hirzenbach,2018,22,56
Hochschulen,2018,8,32
Hottingen,2018,8,29
Höngg,2018,96,235
Langstrasse,2018,22,69
Leimbach,2018,14,36
Lindenhof,2018,NA,NA
Mühlebach,2018,NA,NA
Oberstrass,2018,47,142
Oerlikon,2018,248,728
Rathaus,2018,5,20
Saatlen,2018,9,18
Schwamendingen-Mitte,2018,11,46
Seebach,2018,54,265
Seefeld,2018,9,35
Sihlfeld,2018,34,119
Unterstrass,2018,77,237
Weinegg,2018,16,67
Werd,2018,4,12
Wipkingen,2018,52,134
Witikon,2018,12,43
Wollishofen,2018,76,208
Affoltern,2019,176,494
Albisrieden,2019,17,66
Alt-Wiedikon,2019,35,114
Altstetten,2019,29,139
City,2019,8,19
Enge,2019,28,83
Escher Wyss,2019,1,2
Fluntern,2019,6,18
Friesenberg,2019,54,124
Gewerbeschule,2019,14,36
Hard,2019,15,44
Hirslanden,2019,6,16
Hirzenbach,2019,50,142
Hochschulen,2019,4,13
Hottingen,2019,5,16
Höngg,2019,34,174
Langstrasse,2019,106,352
Leimbach,2019,33,68
Lindenhof,2019,5,10
Mühlebach,2019,3,8
Oberstrass,2019,27,53
Oerlikon,2019,60,153
Rathaus,2019,5,14
Saatlen,2019,31,76
Schwamendingen-Mitte,2019,13,50
Seebach,2019,34,104
Seefeld,2019,19,58
Sihlfeld,2019,13,34
Unterstrass,2019,48,131
Weinegg,2019,9,30
Werd,2019,2,5
Wipkingen,2019,22,69
Witikon,2019,39,152
Wollishofen,2019,60,136
Affoltern,2020,56,162
Albisrieden,2020,20,79
Alt-Wiedikon,2020,39,87
Altstetten,2020,197,717
City,2020,12,18
Enge,2020,11,23
Escher Wyss,2020,147,556
Fluntern,2020,17,43
Friesenberg,2020,26,52
Gewerbeschule,2020,22,49
Hard,2020,51,135
Hirslanden,2020,6,33
Hirzenbach,2020,16,26
Hochschulen,2020,27,78
Hottingen,2020,12,25
Höngg,2020,35,85
Langstrasse,2020,46,137
Leimbach,2020,18,37
Lindenhof,2020,1,4
Mühlebach,2020,NA,NA
Oberstrass,2020,55,119
Oerlikon,2020,85,157
Rathaus,2020,7,19
Saatlen,2020,6,8
Schwamendingen-Mitte,2020,25,54
Seebach,2020,33,127
Seefeld,2020,58,139
Sihlfeld,2020,10,26
Unterstrass,2020,102,230
Weinegg,2020,10,75
Werd,2020,9,22
Wipkingen,2020,35,83
Witikon,2020,47,129
Wollishofen,2020,149,277
Affoltern,2021,142,329
Albisrieden,2021,66,298
Alt-Wiedikon,2021,48,237
Altstetten,2021,46,190
City,2021,7,17
Enge,2021,25,68
Escher Wyss,2021,85,264
Fluntern,2021,15,38
Friesenberg,2021,112,521
Gewerbeschule,2021,7,16
Hard,2021,49,120
Hirslanden,2021,1,2
Hirzenbach,2021,16,30
Hochschulen,2021,2,6
Hottingen,2021,13,36
Höngg,2021,39,200
Langstrasse,2021,56,164
Leimbach,2021,38,145
Lindenhof,2021,1,3
Mühlebach,2021,NA,NA
Oberstrass,2021,17,49
Oerlikon,2021,41,83
Rathaus,2021,2,6
Saatlen,2021,24,48
Schwamendingen-Mitte,2021,24,37
Seebach,2021,29,145
Seefeld,2021,35,93
Sihlfeld,2021,95,196
Unterstrass,2021,132,285
Weinegg,2021,5,35
Werd,2021,NA,NA
Wipkingen,2021,61,231
Witikon,2021,52,129
Wollishofen,2021,204,881
Affoltern,2022,178,387
Albisrieden,2022,103,323
Alt-Wiedikon,2022,57,108
Altstetten,2022,151,667
City,2022,15,40
Enge,2022,61,128
Escher Wyss,2022,16,35
Fluntern,2022,14,28
Friesenberg,2022,110,231
Gewerbeschule,2022,50,115
Hard,2022,27,57
Hirslanden,2022,15,33
Hirzenbach,2022,111,280
Hochschulen,2022,1,3
Hottingen,2022,21,66
Höngg,2022,104,583
Langstrasse,2022,34,69
Leimbach,2022,54,133
Lindenhof,2022,6,15
Mühlebach,2022,5,11
Oberstrass,2022,10,19
Oerlikon,2022,50,92
Rathaus,2022,9,19
Saatlen,2022,84,187
Schwamendingen-Mitte,2022,176,573
Seebach,2022,84,316
Seefeld,2022,26,54
Sihlfeld,2022,193,385
Unterstrass,2022,229,454
Weinegg,2022,7,26
Werd,2022,11,23
Wipkingen,2022,67,165
Witikon,2022,18,96
Wollishofen,2022,263,591
Affoltern,2023,NA,NA
Albisrieden,2023,NA,NA
Alt-Wiedikon,2023,NA,NA
Altstetten,2023,10,80
City,2023,NA,NA
Enge,2023,NA,NA
Escher Wyss,2023,NA,NA
Fluntern,2023,NA,NA
Friesenberg,2023,NA,NA
Gewerbeschule,2023,NA,NA
Hard,2023,NA,NA
Hirslanden,2023,NA,NA
Hirzenbach,2023,NA,NA
Hochschulen,2023,NA,NA
Hottingen,2023,NA,NA
Höngg,2023,NA,NA
Langstrasse,2023,NA,NA
Leimbach,2023,NA,NA
Lindenhof,2023,NA,NA
Mühlebach,2023,NA,NA
Oberstrass,2023,NA,NA
Oerlikon,2023,NA,NA
Rathaus,2023,NA,NA
Saatlen,2023,NA,NA
Schwamendingen-Mitte,2023,NA,NA
Seebach,2023,NA,NA
Seefeld,2023,NA,NA
Sihlfeld,2023,NA,NA
Unterstrass,2023,52,114
Weinegg,2023,NA,NA
Werd,2023,NA,NA
Wipkingen,2023,1,2
Witikon,2023,29,58
Wollishofen,2023,NA,NA
